id,institutionCode,collectionCode,ownerInstitutionCode,collectionID,basisOfRecord,occurrenceID,catalogNumber,otherCatalogNumbers,higherClassification,kingdom,phylum,class,order,family,scientificName,taxonID,scientificNameAuthorship,genus,subgenus,specificEpithet,verbatimTaxonRank,infraspecificEpithet,taxonRank,identifiedBy,dateIdentified,identificationReferences,identificationRemarks,taxonRemarks,identificationQualifier,typeStatus,recordedBy,recordNumber,eventDate,year,month,day,startDayOfYear,endDayOfYear,verbatimEventDate,occurrenceRemarks,habitat,fieldNumber,eventID,informationWithheld,dataGeneralizations,dynamicProperties,associatedOccurrences,associatedSequences,associatedTaxa,reproductiveCondition,establishmentMeans,lifeStage,sex,individualCount,preparations,country,stateProvince,county,municipality,locality,locationRemarks,decimalLatitude,decimalLongitude,geodeticDatum,coordinateUncertaintyInMeters,verbatimCoordinates,georeferencedBy,georeferenceProtocol,georeferenceSources,georeferenceVerificationStatus,georeferenceRemarks,minimumElevationInMeters,maximumElevationInMeters,minimumDepthInMeters,maximumDepthInMeters,verbatimDepth,verbatimElevation,disposition,language,recordEnteredBy,modified,rights,rightsHolder,accessRights,recordID,references
1764507,RM,,RM,ee7a5f18-f9b4-4c78-b36e-3763a5852c46,PreservedSpecimen,,,,Plantae|Magnoliophyta|Eudicots|Ranunculales|Ranunculaceae|Delphinium,Plantae,Magnoliophyta,,Ranunculales,Ranunculaceae,"Delphinium robustum",18142,Rydb.,Delphinium,,robustum,,,Species,,,,,,,,"Ronald L. Hartman",,,1999,,,,,,,,,,"field values redacted: eventDate, month, day, startDayOfYear, verbatimEventDate, recordNumber, locality, minimumElevationInMeters, maximumElevationInMeters, verbatimElevation, decimalLatitude, decimalLongitude, verbatimCoordinates, habitat",,,,,,flowering,,,,,,U.S.A.,Colorado,"Las Animas",,,,,,,,,,,,,,,,,,,,,English,,"2013-05-13 10:41:48",http://creativecommons.org/licenses/by-nc/3.0/,,,urn:uuid:a8e40b1b-7afd-4230-8255-05bd6d6e2e0c,https://www.soroherbaria.org/portal/collections/individual/index.php?occid=1764507
2810791,NY,,,b39167b5-1732-4bbf-aeda-9b8ede470fbd,PreservedSpecimen,ee01b889-2641-41c0-8564-7ba861fd3681,353367,,Plantae|Magnoliophyta|Eudicots|Ranunculales|Ranunculaceae|Delphinium,Plantae,Magnoliophyta,,Ranunculales,Ranunculaceae,"Delphinium robustum",18142,Rydb.,Delphinium,,robustum,,,Species,,,,,,,type,"P. A. Rydberg",,,1900,,,,,,,,,,"field values redacted: eventDate, month, day, startDayOfYear, endDayOfYear, verbatimEventDate, recordNumber, locality, minimumElevationInMeters, maximumElevationInMeters, verbatimElevation, decimalLatitude, decimalLongitude, geodeticDatum, coordinateUncertaintyInMeters, georeferenceProtocol, georeferenceSources",,,,,,,,,,,sheet,"United States of America",Colorado,,,,,,,,,,,,,,,,,,,,,,en,,"2022-03-04 14:29:29",http://creativecommons.org/licenses/by/3.0/,,,urn:uuid:42ec2fe7-4311-4667-8631-0b5909f12a56,https://www.soroherbaria.org/portal/collections/individual/index.php?occid=2810791
2810898,NY,,,b39167b5-1732-4bbf-aeda-9b8ede470fbd,PreservedSpecimen,9903bf4d-c16b-4869-972e-890765c7850b,353368,,Plantae|Magnoliophyta|Eudicots|Ranunculales|Ranunculaceae|Delphinium,Plantae,Magnoliophyta,,Ranunculales,Ranunculaceae,"Delphinium robustum",18142,Rydb.,Delphinium,,robustum,,,Species,,,,,,,isotype,"P. A. Rydberg",,,1900,,,,,,,,,,"field values redacted: eventDate, month, day, startDayOfYear, endDayOfYear, verbatimEventDate, recordNumber, locality, minimumElevationInMeters, maximumElevationInMeters, verbatimElevation, decimalLatitude, decimalLongitude, geodeticDatum, coordinateUncertaintyInMeters, georeferenceProtocol, georeferenceSources",,,,,,,,,,,sheet,"United States of America",Colorado,,,,,,,,,,,,,,,,,,,,,,en,,"2022-03-04 14:29:29",http://creativecommons.org/licenses/by/3.0/,,,urn:uuid:cc5df214-eb7e-4f58-bd2e-830beed3e6e3,https://www.soroherbaria.org/portal/collections/individual/index.php?occid=2810898
3397888,SSLP,,,392b3fdb-7b73-4e41-88ed-e31e66f11331,PreservedSpecimen,,SSLP06833,,Plantae|Magnoliophyta|Eudicots|Ranunculales|Ranunculaceae|Delphinium,Plantae,Magnoliophyta,,Ranunculales,Ranunculaceae,"Delphinium robustum",18142,Rydb.,Delphinium,,robustum,,,Species,Sanderson,,,,,,,"Sanderson , S.; J. Ott",,,2000,,,,,,,,,,"field values redacted: eventDate, month, day, startDayOfYear, verbatimEventDate, recordNumber, locality",,,,,,,,,,,,USA,Colorado,Saguache,,,,,,,,,,,,,,,,,,,,,,,"2015-01-06 12:31:47",http://creativecommons.org/publicdomain/zero/1.0/,"U.S. Forest Service",,urn:uuid:a4740d5e-fed1-4b3e-8b2d-9f0fc4acd2d3,https://www.soroherbaria.org/portal/collections/individual/index.php?occid=3397888
4023700,UNM,"Vascular Plants",,274317fa-b413-42b6-bb9a-cfe8f2e54962,PreservedSpecimen,db9a1fa0-7688-4f5b-9395-91812fee0c3a,UNM0075859,50701,Plantae|Magnoliophyta|Eudicots|Ranunculales|Ranunculaceae|Delphinium,Plantae,Magnoliophyta,,Ranunculales,Ranunculaceae,"Delphinium robustum",18142,Rydb.,Delphinium,,robustum,,,Species,"R.C. Sivinski",1999,,,,,,"H. Mackay",,,1967,,,,,,,,,,"field values redacted: eventDate, month, day, startDayOfYear, verbatimEventDate, recordNumber, locality, minimumElevationInMeters, verbatimElevation, decimalLatitude, decimalLongitude, geodeticDatum, coordinateUncertaintyInMeters, georeferenceRemarks, georeferencedBy, georeferenceProtocol, georeferenceSources",,,,,,,,,,,"Sheets - 1","United States","New Mexico",Taos,,,,,,,,,,,,,,,,,,,,,,preprocessed,"2012-12-12 15:10:32",http://creativecommons.org/licenses/by-nc/3.0/,,,urn:uuid:db9a1fa0-7688-4f5b-9395-91812fee0c3a,https://www.soroherbaria.org/portal/collections/individual/index.php?occid=4023700
4031018,UNM,"Vascular Plants",,274317fa-b413-42b6-bb9a-cfe8f2e54962,PreservedSpecimen,ab37d702-b750-4035-982f-0849f29fb3f3,UNM0075856,2146,Plantae|Magnoliophyta|Eudicots|Ranunculales|Ranunculaceae|Delphinium,Plantae,Magnoliophyta,,Ranunculales,Ranunculaceae,"Delphinium robustum",18142,Rydb.,Delphinium,,robustum,,,Species,"R.C. Sivinski",1999,,,,,,"A. Nelson",,,1932,,,,,,Meadow.,,,,"field values redacted: eventDate, month, day, startDayOfYear, verbatimEventDate, recordNumber, locality, minimumElevationInMeters, verbatimElevation, decimalLatitude, decimalLongitude, habitat",,,,,,,,,,,"Sheets - 1","United States","New Mexico",Colfax,,,,,,,,,,,,,,,,,,,,,,preprocessed,"2012-12-12 15:11:48",http://creativecommons.org/licenses/by-nc/3.0/,,,urn:uuid:ab37d702-b750-4035-982f-0849f29fb3f3,https://www.soroherbaria.org/portal/collections/individual/index.php?occid=4031018
4031019,UNM,"Vascular Plants",,274317fa-b413-42b6-bb9a-cfe8f2e54962,PreservedSpecimen,05969406-3e6a-4914-b496-a673bddb306a,UNM0075857,2414,Plantae|Magnoliophyta|Eudicots|Ranunculales|Ranunculaceae|Delphinium,Plantae,Magnoliophyta,,Ranunculales,Ranunculaceae,"Delphinium robustum",18142,Rydb.,Delphinium,,robustum,,,Species,"R.C. Sivinski",1999,,,,,,"A. Nelson",,,1935,,,,,,"Moist meadow.",,,,"field values redacted: eventDate, month, day, startDayOfYear, verbatimEventDate, recordNumber, locality, minimumElevationInMeters, verbatimElevation, decimalLatitude, decimalLongitude, geodeticDatum, coordinateUncertaintyInMeters, georeferenceRemarks, georeferenceProtocol, habitat",,,,,,,,,,,"Sheets - 1","United States","New Mexico",Colfax,,,,,,,,,,,,,,,,,,,,,,preprocessed,"2012-12-12 15:09:04",http://creativecommons.org/licenses/by-nc/3.0/,,,urn:uuid:05969406-3e6a-4914-b496-a673bddb306a,https://www.soroherbaria.org/portal/collections/individual/index.php?occid=4031019
4033095,UNM,"Vascular Plants",,274317fa-b413-42b6-bb9a-cfe8f2e54962,PreservedSpecimen,23df9ab8-1584-4b86-936a-c5455de3b83b,UNM0075855,95971,Plantae|Magnoliophyta|Eudicots|Ranunculales|Ranunculaceae|Delphinium,Plantae,Magnoliophyta,,Ranunculales,Ranunculaceae,"Delphinium robustum",18142,Rydb.,Delphinium,,robustum,,,Species,,,,,,,,"R.C. Sivinski",,,1998,,,,,,"Bottom of talus slope in canyon bottom. With Pseudotsuga menziesii, Rubus idaeus, Rosa woodsii, Rudbeckia laciniata. Plants 1-1.5 m tall; calyx pale purplish pink; petals dark violet purple, drying blue. Locally common.; Plants 1-1.5 m tall; calyx pale purplish pink; petals dark violet purple, drying blue. Locally common.",,,,"field values redacted: eventDate, month, day, startDayOfYear, verbatimEventDate, recordNumber, locality, minimumElevationInMeters, verbatimElevation, decimalLatitude, decimalLongitude, geodeticDatum, coordinateUncertaintyInMeters, verbatimCoordinates, georeferenceRemarks, georeferenceProtocol, habitat",,,,,"Pseudotsuga menziesii, Rubus idaeus, Rosa woodsii, Rudbeckia laciniata.",,,,,,"Sheets - 1","United States","New Mexico",Colfax,,,,,,,,,,,,,,,,,,,,,,preprocessed,"2009-05-03 19:16:36",http://creativecommons.org/licenses/by-nc/3.0/,,,urn:uuid:23df9ab8-1584-4b86-936a-c5455de3b83b,https://www.soroherbaria.org/portal/collections/individual/index.php?occid=4033095
4067049,UNM,"Vascular Plants",,274317fa-b413-42b6-bb9a-cfe8f2e54962,PreservedSpecimen,27451b3f-b0e4-4ff8-a529-b5b9d06349c8,UNM0075858,103418,Plantae|Magnoliophyta|Eudicots|Ranunculales|Ranunculaceae|Delphinium,Plantae,Magnoliophyta,,Ranunculales,Ranunculaceae,"Delphinium robustum",18142,Rydb.,Delphinium,,robustum,,,Species,,,,,,,,"J.M. Stewart",,,1999,,,,,,"Road shoulder. With Picea. 60 cm tall with dark blue petals.; 60 cm tall with dark blue petals.",,,,"field values redacted: eventDate, month, day, startDayOfYear, verbatimEventDate, recordNumber, locality, minimumElevationInMeters, verbatimElevation, decimalLatitude, decimalLongitude, geodeticDatum, coordinateUncertaintyInMeters, verbatimCoordinates, georeferenceRemarks, georeferenceProtocol, habitat",,,,,Picea.,,,,,,"Sheets - 1","United States","New Mexico",Colfax,,,,,,,,,,,,,,,,,,,,,,preprocessed,"2009-05-02 19:20:46",http://creativecommons.org/licenses/by-nc/3.0/,,,urn:uuid:27451b3f-b0e4-4ff8-a529-b5b9d06349c8,https://www.soroherbaria.org/portal/collections/individual/index.php?occid=4067049
4112485,UNM,"Vascular Plants",,274317fa-b413-42b6-bb9a-cfe8f2e54962,PreservedSpecimen,d7ff5f09-00d2-439f-90db-c783eabdb286,UNM0075852,116203,Plantae|Magnoliophyta|Eudicots|Ranunculales|Ranunculaceae|Delphinium,Plantae,Magnoliophyta,,Ranunculales,Ranunculaceae,"Delphinium robustum",18142,Rydb.,Delphinium,,robustum,,,Species,"Sivinski, Robert",2011,,,,,,"M. Schiebout",,,2005,,,,,,"Mountain meadow surrounding stream. Collecting permit: SU-05-06-ALL-02",,,,"field values redacted: eventDate, month, day, startDayOfYear, verbatimEventDate, recordNumber, locality, minimumElevationInMeters, verbatimElevation, decimalLatitude, decimalLongitude, geodeticDatum, coordinateUncertaintyInMeters, verbatimCoordinates, georeferenceRemarks, georeferenceProtocol, habitat",,,,,,,,,,,"Sheets - 1","United States","New Mexico",Mora,,,,,,,,,,,,,,,,,,,,,,preprocessed,"2011-10-27 13:58:35",http://creativecommons.org/licenses/by-nc/3.0/,,,urn:uuid:d7ff5f09-00d2-439f-90db-c783eabdb286,https://www.soroherbaria.org/portal/collections/individual/index.php?occid=4112485
4821916,RM,,RM,ee7a5f18-f9b4-4c78-b36e-3763a5852c46,PreservedSpecimen,,169078,,Plantae|Magnoliophyta|Eudicots|Ranunculales|Ranunculaceae|Delphinium,Plantae,Magnoliophyta,,Ranunculales,Ranunculaceae,"Delphinium robustum",18142,Rydb.,Delphinium,,robustum,,,Species,,,,,,,,"George E. Osterhout",,,1894,,,,,,,,,,"field values redacted: eventDate, month, day, startDayOfYear, verbatimEventDate, recordNumber, locality",,,,,,flowering,,,,,,U.S.A.,Colorado,Larimer,,,,,,,,,,,,,,,,,,,,,English,,"2013-02-06 11:13:51",http://creativecommons.org/licenses/by-nc/3.0/,,,urn:uuid:74b49846-3dbb-4342-a20e-022c764b7de9,https://www.soroherbaria.org/portal/collections/individual/index.php?occid=4821916
4821917,USFS,,USFS,ee7a5f18-f9b4-4c78-b36e-3763a5852c46,PreservedSpecimen,,457034,,Plantae|Magnoliophyta|Eudicots|Ranunculales|Ranunculaceae|Delphinium,Plantae,Magnoliophyta,,Ranunculales,Ranunculaceae,"Delphinium robustum",18142,Rydb.,Delphinium,,robustum,,,Species,,,,,,,,"Robert F. Copple",,,1923,,,,,,,,,,"field values redacted: eventDate, month, day, startDayOfYear, verbatimEventDate, recordNumber, locality, minimumElevationInMeters, verbatimElevation, habitat",,,,,,flowering,,,,,,U.S.A.,"New Mexico","no county",,,,,,,,,,,,,,,,,,,,,English,,"2013-02-06 11:13:51",http://creativecommons.org/licenses/by-nc/3.0/,,,urn:uuid:2f18db46-57a9-4956-83cb-3080c0008e40,https://www.soroherbaria.org/portal/collections/individual/index.php?occid=4821917
4855235,RM,,RM,ee7a5f18-f9b4-4c78-b36e-3763a5852c46,PreservedSpecimen,,29812,"Barcode: RM0003604",Plantae|Magnoliophyta|Eudicots|Ranunculales|Ranunculaceae|Delphinium,Plantae,Magnoliophyta,,Ranunculales,Ranunculaceae,"Delphinium robustum",18142,Rydb.,Delphinium,,robustum,,,Species,,,,,,,"Isotype for <i>Delphinium</i> <i>robustum</i> Rydb.. Bull. Torrey Bot. Club 28: 276. 1901.","P. A. Rydberg, F. K. Vreeland",,,1900,,,,,,,,,,"field values redacted: eventDate, month, day, startDayOfYear, verbatimEventDate, recordNumber, locality, minimumElevationInMeters, verbatimElevation",,,,,,flowering,,,,,,U.S.A.,Colorado,,,,,,,,,,,,,,,,,,,,,,English,,"2020-12-31 23:01:39",http://creativecommons.org/licenses/by-nc/3.0/,,,urn:uuid:3255d10c-85a5-4271-adc1-4ae09f576774,https://www.soroherbaria.org/portal/collections/individual/index.php?occid=4855235
6033685,SDSU,SDC,,7b4f17b9-3058-4cc3-913e-eed0ded03bcf,PreservedSpecimen,a08eca60-4806-49ca-ad8a-4242f5db61f0,0003679,,Plantae|Magnoliophyta|Eudicots|Ranunculales|Ranunculaceae|Delphinium,Plantae,Magnoliophyta,,Ranunculales,Ranunculaceae,"Delphinium robustum",18142,Rydb.,Delphinium,,robustum,,,Species,Collector,1938,,,,,,"L. C. Snyder",,,1938,,,,,,,,,,"field values redacted: eventDate, month, day, startDayOfYear, recordNumber, locality, decimalLatitude, decimalLongitude, geodeticDatum, coordinateUncertaintyInMeters, georeferenceSources, habitat",,,,,,flowering,,,,,,USA,Colorado,Weld,,,,,,,,,,,,,,,,,,,,,,Larson,"2018-02-15 07:40:06",http://creativecommons.org/licenses/by/3.0/,"South Dakota State University",,urn:uuid:a08eca60-4806-49ca-ad8a-4242f5db61f0,https://www.soroherbaria.org/portal/collections/individual/index.php?occid=6033685
6050744,SJNM,,,c8f35b21-bd08-49a4-97a8-4328d4a0e1d9,PreservedSpecimen,69e8eea2-5f81-40dc-9d56-579a170c1c83,SJNM-V-0060480,66296,Plantae|Magnoliophyta|Eudicots|Ranunculales|Ranunculaceae|Delphinium,Plantae,Magnoliophyta,,Ranunculales,Ranunculaceae,"Delphinium robustum",18142,Rydb.,Delphinium,,robustum,,,Species,,,,,,,,"Heil, Kenneth D.; Hyder, Don; Martinez, Adam",,,2014,,,,,,,,,,"field values redacted: eventDate, month, day, startDayOfYear, recordNumber, locality, minimumElevationInMeters, verbatimElevation, decimalLatitude, decimalLongitude",,,,,,,,,,,,"United States","New Mexico",Taos,,,,,,,,,,,,,,,,,,,,,,,"2021-09-24 10:23:01",http://creativecommons.org/licenses/by-nc/3.0/,"San Juan College",,urn:uuid:1587096d-2935-4f2d-af52-b3e1cc986e3d,https://www.soroherbaria.org/portal/collections/individual/index.php?occid=6050744
11246133,FLD,,,815eb8f4-831d-40e7-82dc-a2b5699b04ee,PreservedSpecimen,3563c68e-b2b8-4429-bd36-c0c1937dd2c2,FLD0011347,012943,Plantae|Magnoliophyta|Eudicots|Ranunculales|Ranunculaceae|Delphinium,Plantae,Magnoliophyta,,Ranunculales,Ranunculaceae,"Delphinium robustum",18142,Rydb.,Delphinium,,robustum,,,Species,,,,,,,,"Al Schneider",,,2015,,,,,,"Plants to 181 cm. Flowers blue to dusky blue/gray.",,,,"field values redacted: eventDate, month, day, startDayOfYear, verbatimEventDate, recordNumber, locality, minimumElevationInMeters, decimalLatitude, decimalLongitude, habitat",,,,,"Pedicularis procera",Flower,,,,,,"United States",Colorado,Montezuma,,,,,,,,,,,,,,,,,,,,,,rmccauley,"2019-01-08 13:10:49",http://creativecommons.org/licenses/by-nc/3.0/,,,urn:uuid:3563c68e-b2b8-4429-bd36-c0c1937dd2c2,https://www.soroherbaria.org/portal/collections/individual/index.php?occid=11246133
11480691,NO,"Vascular Plants",LSU(NO),fe609977-5b39-49c5-905a-32ca83233244,PreservedSpecimen,76119fd5-0ad7-43d9-9291-1436747bb21f,NO0056535,s.n.,Plantae|Magnoliophyta|Eudicots|Ranunculales|Ranunculaceae|Delphinium,Plantae,Magnoliophyta,,Ranunculales,Ranunculaceae,"Delphinium robustum",18142,Rydb.,Delphinium,,robustum,,,Species,,,,,,,,"Delzie Demaree",,,1968,,,,,,,,,,"field values redacted: eventDate, month, day, startDayOfYear, recordNumber",,,,,,,,,,,,"United States",Colorado,Huerfano,,,,,,,,,,,,,,,,,,,,,,hdouget,"2018-02-06 01:49:13",http://creativecommons.org/licenses/by-nc/3.0/,,,urn:uuid:76119fd5-0ad7-43d9-9291-1436747bb21f,https://www.soroherbaria.org/portal/collections/individual/index.php?occid=11480691
11480693,NO,"Vascular Plants",LSU(NO),fe609977-5b39-49c5-905a-32ca83233244,PreservedSpecimen,60973d12-dea2-4b4a-a6e3-830d02372a68,NO0056536,s.n.,Plantae|Magnoliophyta|Eudicots|Ranunculales|Ranunculaceae|Delphinium,Plantae,Magnoliophyta,,Ranunculales,Ranunculaceae,"Delphinium robustum",18142,Rydb.,Delphinium,,robustum,,,Species,,,,,,,,"Jennie M. Archibald",,,1900,,,,,,,,,,"field values redacted: eventDate, verbatimEventDate, recordNumber",,,,,,,,,,,,"United States",Colorado,,,,,,,,,,,,,,,,,,,,,,,hdouget,"2018-02-06 01:49:13",http://creativecommons.org/licenses/by-nc/3.0/,,,urn:uuid:60973d12-dea2-4b4a-a6e3-830d02372a68,https://www.soroherbaria.org/portal/collections/individual/index.php?occid=11480693
12099644,CM,Botany,,a3883acd-bc7d-40f2-a6e4-372a3435e5d1,PreservedSpecimen,D6E6D7F6-7B0F-4DEC-A1B2-D32300CECE1E,CM443776,,Plantae|Magnoliophyta|Eudicots|Ranunculales|Ranunculaceae|Delphinium,Plantae,Magnoliophyta,,Ranunculales,Ranunculaceae,"Delphinium robustum",18142,Rydb.,Delphinium,,robustum,,,Species,,,,,,,,"Heller, H.H.",,,1935,,,,,,,,,,"field values redacted: eventDate, month, day, startDayOfYear, verbatimEventDate, recordNumber, locality, minimumElevationInMeters, verbatimElevation, decimalLatitude, decimalLongitude, geodeticDatum, coordinateUncertaintyInMeters, verbatimCoordinates, georeferencedBy, georeferenceSources",,,,,,fl,,,,,,"United States",Colorado,Boulder,,,,,,,,,,,,,,,,,,,,,,,"2005-03-02 00:00:00",http://creativecommons.org/publicdomain/zero/1.0/,"Carnegie Museum of Natural History",,urn:uuid:50d50610-ef27-4b0b-8d72-69ffaef76c3d,https://www.soroherbaria.org/portal/collections/individual/index.php?occid=12099644
13400711,UNM,"Vascular Plants",,274317fa-b413-42b6-bb9a-cfe8f2e54962,PreservedSpecimen,4102751b-1baa-4818-967c-1f54c5657fff,UNM0133987,133987,Plantae|Magnoliophyta|Eudicots|Ranunculales|Ranunculaceae|Delphinium,Plantae,Magnoliophyta,,Ranunculales,Ranunculaceae,"Delphinium robustum",18142,Rydb.,Delphinium,,robustum,,,Species,"R.C. Sivinski, P.C. Tonne and T.K. Lowrey",,,,,,,"David Bleakly",,,1997,,,,,,,,,,"field values redacted: eventDate, month, day, startDayOfYear, verbatimEventDate, recordNumber, locality, minimumElevationInMeters, verbatimElevation, decimalLatitude, decimalLongitude, geodeticDatum, coordinateUncertaintyInMeters, georeferenceRemarks, georeferencedBy, georeferenceProtocol, georeferenceSources, georeferenceVerificationStatus",,,,,,,,,,,"Sheets - 1","United States","New Mexico","Rio Arriba",,,,,,,,,,,,,,,,,,,,,,,"2020-05-11 13:43:15",http://creativecommons.org/licenses/by-nc/3.0/,,,urn:uuid:4102751b-1baa-4818-967c-1f54c5657fff,https://www.soroherbaria.org/portal/collections/individual/index.php?occid=13400711
19826052,ALAM,,,89314c9c-1c25-429b-81a4-fbef327eefb2,PreservedSpecimen,73972bf8-781b-4dd2-81fb-a42342528479,ALAM-V-0004413,5906,Plantae|Magnoliophyta|Eudicots|Ranunculales|Ranunculaceae|Delphinium,Plantae,Magnoliophyta,,Ranunculales,Ranunculaceae,"Delphinium robustum",18142,Rydb.,Delphinium,,robustum,,,Species,,,,,,,,"H. Dixon",,,1984,,,,,,,,,,"field values redacted: eventDate, month, day, startDayOfYear, verbatimEventDate, recordNumber, locality, minimumElevationInMeters, verbatimElevation, decimalLatitude, decimalLongitude, geodeticDatum, coordinateUncertaintyInMeters, verbatimCoordinates, georeferenceRemarks, georeferencedBy, georeferenceProtocol, georeferenceSources, georeferenceVerificationStatus, habitat",,,,,,,,,,,,"United States",Colorado,Saguache,,,,,,,,,,,,,,,,,,,,,,ajh486,"2021-08-18 00:00:00",http://creativecommons.org/licenses/by-nc/3.0/,,,urn:uuid:73972bf8-781b-4dd2-81fb-a42342528479,https://www.soroherbaria.org/portal/collections/individual/index.php?occid=19826052
19826053,ALAM,,,89314c9c-1c25-429b-81a4-fbef327eefb2,PreservedSpecimen,e7dc3d43-4606-4540-b6ac-4bb716c729fb,ALAM-V-0004414,5905,Plantae|Magnoliophyta|Eudicots|Ranunculales|Ranunculaceae|Delphinium,Plantae,Magnoliophyta,,Ranunculales,Ranunculaceae,"Delphinium robustum",18142,Rydb.,Delphinium,,robustum,,,Species,,,,,,,,"H. Dixon",,,1984,,,,,,,,,,"field values redacted: eventDate, month, day, startDayOfYear, verbatimEventDate, recordNumber, locality, minimumElevationInMeters, verbatimElevation, decimalLatitude, decimalLongitude, geodeticDatum, coordinateUncertaintyInMeters, verbatimCoordinates, georeferenceRemarks, georeferencedBy, georeferenceProtocol, georeferenceSources, georeferenceVerificationStatus, habitat",,,,,,,,,,,,"United States",Colorado,Saguache,,,,,,,,,,,,,,,,,,,,,,ajh486,"2021-08-05 00:00:00",http://creativecommons.org/licenses/by-nc/3.0/,,,urn:uuid:e7dc3d43-4606-4540-b6ac-4bb716c729fb,https://www.soroherbaria.org/portal/collections/individual/index.php?occid=19826053
19826054,ALAM,,,89314c9c-1c25-429b-81a4-fbef327eefb2,PreservedSpecimen,1ff200d4-d974-44d7-a547-b7f69d6a19d2,ALAM-V-0004415,5683,Plantae|Magnoliophyta|Eudicots|Ranunculales|Ranunculaceae|Delphinium,Plantae,Magnoliophyta,,Ranunculales,Ranunculaceae,"Delphinium robustum",18142,Rydb.,Delphinium,,robustum,,,Species,,,,,,,,"H. Dixon",,,1981,,,,,,,,,,"field values redacted: eventDate, month, day, startDayOfYear, verbatimEventDate, recordNumber, locality, minimumElevationInMeters, verbatimElevation, decimalLatitude, decimalLongitude, geodeticDatum, coordinateUncertaintyInMeters, verbatimCoordinates, georeferenceRemarks, georeferencedBy, georeferenceProtocol, georeferenceSources, georeferenceVerificationStatus, habitat",,,,,,,,,,,,"United States",Colorado,Saguache,,,,,,,,,,,,,,,,,,,,,,ajh486,"2021-08-18 00:00:00",http://creativecommons.org/licenses/by-nc/3.0/,,,urn:uuid:1ff200d4-d974-44d7-a547-b7f69d6a19d2,https://www.soroherbaria.org/portal/collections/individual/index.php?occid=19826054
19826055,ALAM,,,89314c9c-1c25-429b-81a4-fbef327eefb2,PreservedSpecimen,1cc35b3b-1634-4088-bb7e-ae516a13b3be,ALAM-V-0004416,08053,Plantae|Magnoliophyta|Eudicots|Ranunculales|Ranunculaceae|Delphinium,Plantae,Magnoliophyta,,Ranunculales,Ranunculaceae,"Delphinium robustum",18142,Rydb.,Delphinium,,robustum,,,Species,,,,,,,,"J. Fox",,,1994,,,,,,,,,,"field values redacted: eventDate, month, day, startDayOfYear, verbatimEventDate, recordNumber, locality, minimumElevationInMeters, verbatimElevation, decimalLatitude, decimalLongitude, verbatimCoordinates, habitat",,,,,,,,,,,,"United States",Colorado,"Rio Grande",,,,,,,,,,,,,,,,,,,,,,ajh486,"2021-10-27 00:00:00",http://creativecommons.org/licenses/by-nc/3.0/,,,urn:uuid:1cc35b3b-1634-4088-bb7e-ae516a13b3be,https://www.soroherbaria.org/portal/collections/individual/index.php?occid=19826055
19826056,ALAM,,,89314c9c-1c25-429b-81a4-fbef327eefb2,PreservedSpecimen,42a4e27c-229c-49cf-8f6f-02b9b1602ab2,ALAM-V-0004417,08068,Plantae|Magnoliophyta|Eudicots|Ranunculales|Ranunculaceae|Delphinium,Plantae,Magnoliophyta,,Ranunculales,Ranunculaceae,"Delphinium robustum",18142,Rydb.,Delphinium,,robustum,,,Species,,,,,,,,"J. Fox",,,1994,,,,,,,,,,"field values redacted: eventDate, month, day, startDayOfYear, verbatimEventDate, recordNumber, locality, minimumElevationInMeters, verbatimElevation, decimalLatitude, decimalLongitude, verbatimCoordinates, habitat",,,,,,,,,,,,"United States",Colorado,"Rio Grande",,,,,,,,,,,,,,,,,,,,,,ajh486,"2021-10-27 00:00:00",http://creativecommons.org/licenses/by-nc/3.0/,,,urn:uuid:42a4e27c-229c-49cf-8f6f-02b9b1602ab2,https://www.soroherbaria.org/portal/collections/individual/index.php?occid=19826056
19826057,ALAM,,,89314c9c-1c25-429b-81a4-fbef327eefb2,PreservedSpecimen,cd9550a1-5573-40c2-9494-e69257cecc92,ALAM-V-0004418,,Plantae|Magnoliophyta|Eudicots|Ranunculales|Ranunculaceae|Delphinium,Plantae,Magnoliophyta,,Ranunculales,Ranunculaceae,"Delphinium robustum",18142,Rydb.,Delphinium,,robustum,,,Species,,,,,,,,,,,,,,,,,,,,,,,,,,,,,,,,,"United States",Colorado,Teller,,,,,,,,,,,,,,,,,,,,,,preprocessed,"2018-05-21 12:04:36",http://creativecommons.org/licenses/by-nc/3.0/,,,urn:uuid:cd9550a1-5573-40c2-9494-e69257cecc92,https://www.soroherbaria.org/portal/collections/individual/index.php?occid=19826057
19826059,ALAM,,,89314c9c-1c25-429b-81a4-fbef327eefb2,PreservedSpecimen,2abcc086-06b1-451f-9de9-361397470b10,ALAM-V-0004420,4101,Plantae|Magnoliophyta|Eudicots|Ranunculales|Ranunculaceae|Delphinium,Plantae,Magnoliophyta,,Ranunculales,Ranunculaceae,"Delphinium robustum",18142,Rydb.,Delphinium,,robustum,,,Species,,,,,,,,"Maggie Peterson",,,1980,,,,,,,,,,"field values redacted: eventDate, month, day, startDayOfYear, verbatimEventDate, recordNumber, locality, minimumElevationInMeters, verbatimElevation, decimalLatitude, decimalLongitude, geodeticDatum, coordinateUncertaintyInMeters, verbatimCoordinates, georeferenceRemarks, georeferencedBy, georeferenceProtocol, georeferenceSources, georeferenceVerificationStatus, habitat",,,,,,,,,,,,"United States",Colorado,Saguache,,,,,,,,,,,,,,,,,,,,,,ajh486,"2021-08-05 00:00:00",http://creativecommons.org/licenses/by-nc/3.0/,,,urn:uuid:2abcc086-06b1-451f-9de9-361397470b10,https://www.soroherbaria.org/portal/collections/individual/index.php?occid=19826059
19826060,ALAM,,,89314c9c-1c25-429b-81a4-fbef327eefb2,PreservedSpecimen,3c5f4f74-50c9-4ce9-b040-22264bc7d346,ALAM-V-0004421,6895,Plantae|Magnoliophyta|Eudicots|Ranunculales|Ranunculaceae|Delphinium,Plantae,Magnoliophyta,,Ranunculales,Ranunculaceae,"Delphinium robustum",18142,Rydb.,Delphinium,,robustum,,,Species,,,,,,,,"H. N. Dixon",,,1988,,,,,,,,,,"field values redacted: eventDate, month, day, startDayOfYear, verbatimEventDate, recordNumber, locality, minimumElevationInMeters, verbatimElevation, decimalLatitude, decimalLongitude, geodeticDatum, coordinateUncertaintyInMeters, verbatimCoordinates, georeferenceRemarks, georeferencedBy, georeferenceProtocol, georeferenceSources, georeferenceVerificationStatus, habitat",,,,,,,,,,,,"United States",Colorado,Saguache,,,,,,,,,,,,,,,,,,,,,,ajh486,"2021-08-18 00:00:00",http://creativecommons.org/licenses/by-nc/3.0/,,,urn:uuid:3c5f4f74-50c9-4ce9-b040-22264bc7d346,https://www.soroherbaria.org/portal/collections/individual/index.php?occid=19826060
19987240,NY,,,b39167b5-1732-4bbf-aeda-9b8ede470fbd,PreservedSpecimen,25d2db3f-e56a-4d0f-b4cf-6bb0245082e2,2751900,,Plantae|Magnoliophyta|Eudicots|Ranunculales|Ranunculaceae|Delphinium,Plantae,Magnoliophyta,,Ranunculales,Ranunculaceae,"Delphinium robustum",18142,Rydb.,Delphinium,,robustum,,,Species,,,,,,,,"E. A. Bessey",,,1895,,,,,,,,,,"field values redacted: eventDate, month, day, startDayOfYear, endDayOfYear, verbatimEventDate, recordNumber, decimalLatitude, decimalLongitude, geodeticDatum, georeferenceProtocol, georeferenceSources",,,,,,,,,,,sheet,"United States of America",Colorado,"El Paso Co.","Colorado Springs",,,,,,,,,,,,,,,,,,,,en,,"2022-03-04 14:29:29",http://creativecommons.org/licenses/by/3.0/,,,urn:uuid:a0b7de36-90fb-49d6-9bbf-c871d53f7054,https://www.soroherbaria.org/portal/collections/individual/index.php?occid=19987240
19991407,NY,,,b39167b5-1732-4bbf-aeda-9b8ede470fbd,PreservedSpecimen,79d67666-4b48-424f-b660-32b2da5c1abe,2751905,,Plantae|Magnoliophyta|Eudicots|Ranunculales|Ranunculaceae|Delphinium,Plantae,Magnoliophyta,,Ranunculales,Ranunculaceae,"Delphinium robustum",18142,Rydb.,Delphinium,,robustum,,,Species,,,,,,,,"H. A. Marsh",,,1911,,,,,,,,,,"field values redacted: eventDate, month, day, startDayOfYear, endDayOfYear, verbatimEventDate, recordNumber, locality, minimumElevationInMeters, verbatimElevation",,,,,,,,,,,sheet,"United States of America",Colorado,"Gunnison Co.",,,,,,,,,,,,,,,,,,,,,en,,"2022-03-04 14:29:29",http://creativecommons.org/licenses/by/3.0/,,,urn:uuid:5f58ec13-5012-4591-9491-72e993037780,https://www.soroherbaria.org/portal/collections/individual/index.php?occid=19991407
19993334,NY,,,b39167b5-1732-4bbf-aeda-9b8ede470fbd,PreservedSpecimen,3c213273-3137-4e5d-89a2-dd8aa8a1b1d9,2751912,,Plantae|Magnoliophyta|Eudicots|Ranunculales|Ranunculaceae|Delphinium,Plantae,Magnoliophyta,,Ranunculales,Ranunculaceae,"Delphinium robustum",18142,Rydb.,Delphinium,,robustum,,,Species,,,,,,,,"E. A. Bessey",,,1895,,,,,,,,,,"field values redacted: eventDate, month, day, startDayOfYear, endDayOfYear, verbatimEventDate, recordNumber, locality, decimalLatitude, decimalLongitude, geodeticDatum, georeferenceProtocol, georeferenceSources",,,,,,,,,,,sheet,"United States of America",Colorado,,,,,,,,,,,,,,,,,,,,,,en,,"2022-03-04 14:29:29",http://creativecommons.org/licenses/by/3.0/,,,urn:uuid:11df0e97-891c-4cb2-bbe6-c897d8173d3e,https://www.soroherbaria.org/portal/collections/individual/index.php?occid=19993334
19995293,NY,,,b39167b5-1732-4bbf-aeda-9b8ede470fbd,PreservedSpecimen,30c62687-86d2-49fc-84a1-20058e27157a,03195744,,Plantae|Magnoliophyta|Eudicots|Ranunculales|Ranunculaceae|Delphinium,Plantae,Magnoliophyta,,Ranunculales,Ranunculaceae,"Delphinium robustum",18142,Rydb.,Delphinium,,robustum,,,Species,,,,,,,,"W. W. Ward",,,1932,,,,,,,,,,"field values redacted: eventDate, month, day, startDayOfYear, endDayOfYear, verbatimEventDate, recordNumber, decimalLatitude, decimalLongitude, geodeticDatum, georeferenceProtocol, georeferenceSources",,,,,,,,,,,sheet,"United States of America",Colorado,"El Paso Co.","Palmer Lake",,,,,,,,,,,,,,,,,,,,en,,"2022-03-04 14:29:29",http://creativecommons.org/licenses/by/3.0/,,,urn:uuid:dc27539c-e1a3-476f-a38d-49539ae8febf,https://www.soroherbaria.org/portal/collections/individual/index.php?occid=19995293
19997176,NY,,,b39167b5-1732-4bbf-aeda-9b8ede470fbd,PreservedSpecimen,9d1c06bf-00f8-4ed1-a7c7-ae9da43a3c0e,2751904,,Plantae|Magnoliophyta|Eudicots|Ranunculales|Ranunculaceae|Delphinium,Plantae,Magnoliophyta,,Ranunculales,Ranunculaceae,"Delphinium robustum",18142,Rydb.,Delphinium,,robustum,,,Species,,,,,,,,"S. L. Clarke",,,1895,,,,,,,,,,"field values redacted: eventDate, month, day, startDayOfYear, endDayOfYear, verbatimEventDate, recordNumber, locality, minimumElevationInMeters, verbatimElevation, decimalLatitude, decimalLongitude, geodeticDatum, georeferenceProtocol, georeferenceSources",,,,,,,,,,,sheet,"United States of America",Colorado,"El Paso Co.","Colorado Springs",,,,,,,,,,,,,,,,,,,,en,,"2022-03-04 14:29:29",http://creativecommons.org/licenses/by/3.0/,,,urn:uuid:fa954aa1-73d3-4056-8823-cc81020f5b15,https://www.soroherbaria.org/portal/collections/individual/index.php?occid=19997176
19997366,NY,,,b39167b5-1732-4bbf-aeda-9b8ede470fbd,PreservedSpecimen,61c4bf6e-3d1f-49db-a6bf-1e76364c3d16,2751911,,Plantae|Magnoliophyta|Eudicots|Ranunculales|Ranunculaceae|Delphinium,Plantae,Magnoliophyta,,Ranunculales,Ranunculaceae,"Delphinium robustum",18142,Rydb.,Delphinium,,robustum,,,Species,,,,,,,,"D. A. Saunders",,,1893,,,,,,,,,,"field values redacted: eventDate, month, day, startDayOfYear, endDayOfYear, verbatimEventDate, recordNumber, minimumElevationInMeters, verbatimElevation, decimalLatitude, decimalLongitude, geodeticDatum, georeferenceProtocol, georeferenceSources",,,,,,,,,,,sheet,"United States of America",Colorado,"El Paso Co.","Colorado Springs",,,,,,,,,,,,,,,,,,,,en,,"2022-03-04 14:29:29",http://creativecommons.org/licenses/by/3.0/,,,urn:uuid:f24ed8f2-23b3-45af-9e9b-ae631596d187,https://www.soroherbaria.org/portal/collections/individual/index.php?occid=19997366
20006488,NY,,,b39167b5-1732-4bbf-aeda-9b8ede470fbd,PreservedSpecimen,e70b2559-3f5b-47bc-add0-6424374d6669,2751910,,Plantae|Magnoliophyta|Eudicots|Ranunculales|Ranunculaceae|Delphinium,Plantae,Magnoliophyta,,Ranunculales,Ranunculaceae,"Delphinium robustum",18142,Rydb.,Delphinium,,robustum,,,Species,,,,,,,,"G. E. Osterhout",,,1900,,,,,,,,,,"field values redacted: eventDate, month, day, startDayOfYear, endDayOfYear, verbatimEventDate, recordNumber, locality, decimalLatitude, decimalLongitude, geodeticDatum, georeferenceProtocol, georeferenceSources",,,,,,,,,,,sheet,"United States of America",Colorado,"Larimer Co.",,,,,,,,,,,,,,,,,,,,,en,,"2022-03-04 14:29:29",http://creativecommons.org/licenses/by/3.0/,,,urn:uuid:16825171-c4ee-4a04-a72e-53a5ee9ed73a,https://www.soroherbaria.org/portal/collections/individual/index.php?occid=20006488
20006997,NY,,,b39167b5-1732-4bbf-aeda-9b8ede470fbd,PreservedSpecimen,99558c0f-7f92-412d-a35e-e38414df42c6,2751908,,Plantae|Magnoliophyta|Eudicots|Ranunculales|Ranunculaceae|Delphinium,Plantae,Magnoliophyta,,Ranunculales,Ranunculaceae,"Delphinium robustum",18142,Rydb.,Delphinium,,robustum,,,Species,,,,,,,,"F. Beckwith",,,1917,,0,,,,,,,,"field values redacted: eventDate, month, verbatimEventDate, recordNumber, decimalLatitude, decimalLongitude, geodeticDatum, georeferenceProtocol, georeferenceSources",,,,,,,,,,,sheet,"United States of America",Colorado,"Las Animas Co.",Stonewall,,,,,,,,,,,,,,,,,,,,en,,"2022-03-04 14:29:29",http://creativecommons.org/licenses/by/3.0/,,,urn:uuid:42743095-7ac4-469b-bc52-c062b4bc4cf2,https://www.soroherbaria.org/portal/collections/individual/index.php?occid=20006997
20007125,NY,,,b39167b5-1732-4bbf-aeda-9b8ede470fbd,PreservedSpecimen,a4e5968b-f077-4809-ad87-635b6934a01a,2751913,,Plantae|Magnoliophyta|Eudicots|Ranunculales|Ranunculaceae|Delphinium,Plantae,Magnoliophyta,,Ranunculales,Ranunculaceae,"Delphinium robustum",18142,Rydb.,Delphinium,,robustum,,,Species,,,,,,,,"F. E. Clements",,,1901,,,,,,,,,,"field values redacted: eventDate, month, day, startDayOfYear, endDayOfYear, verbatimEventDate, recordNumber, locality, minimumElevationInMeters, verbatimElevation, decimalLatitude, decimalLongitude, geodeticDatum, georeferenceProtocol, georeferenceSources",,,,,,,,,,,sheet,"United States of America",Colorado,,,,,,,,,,,,,,,,,,,,,,en,,"2022-03-04 14:29:29",http://creativecommons.org/licenses/by/3.0/,,,urn:uuid:dde30edf-dce6-483a-bcee-c0dff6c89ed1,https://www.soroherbaria.org/portal/collections/individual/index.php?occid=20007125
20007516,NY,,,b39167b5-1732-4bbf-aeda-9b8ede470fbd,PreservedSpecimen,c130ec76-7791-4f75-8c45-7f1a96ff9856,2751909,,Plantae|Magnoliophyta|Eudicots|Ranunculales|Ranunculaceae|Delphinium,Plantae,Magnoliophyta,,Ranunculales,Ranunculaceae,"Delphinium robustum",18142,Rydb.,Delphinium,,robustum,,,Species,,,,,,,,"F. K. Vreeland",,,1900,,,,,,,,,,"field values redacted: eventDate, month, day, startDayOfYear, endDayOfYear, verbatimEventDate, recordNumber, locality, minimumElevationInMeters, verbatimElevation",,,,,,,,,,,sheet,"United States of America",Colorado,,,,,,,,,,,,,,,,,,,,,,en,,"2022-03-04 14:29:29",http://creativecommons.org/licenses/by/3.0/,,,urn:uuid:c8e80946-b180-45b5-828e-635d6228f020,https://www.soroherbaria.org/portal/collections/individual/index.php?occid=20007516
20008353,NY,,,b39167b5-1732-4bbf-aeda-9b8ede470fbd,PreservedSpecimen,b70838b7-30f8-476b-8208-8ccd88dd3884,03195742,,Plantae|Magnoliophyta|Eudicots|Ranunculales|Ranunculaceae|Delphinium,Plantae,Magnoliophyta,,Ranunculales,Ranunculaceae,"Delphinium robustum",18142,Rydb.,Delphinium,,robustum,,,Species,,,,,,,,"I. W. Clokey",,,1920,,,,,,,,,,"field values redacted: eventDate, month, day, startDayOfYear, endDayOfYear, verbatimEventDate, recordNumber, locality, minimumElevationInMeters, verbatimElevation, decimalLatitude, decimalLongitude, geodeticDatum, georeferenceProtocol, georeferenceSources",,,,,,,,,,,sheet,"United States of America",Colorado,"Teller Co.",,,,,,,,,,,,,,,,,,,,,en,,"2022-03-04 14:29:29",http://creativecommons.org/licenses/by/3.0/,,,urn:uuid:c1ea5fd3-4e11-48b6-8686-24f825826e3c,https://www.soroherbaria.org/portal/collections/individual/index.php?occid=20008353
21349202,ASC,,,17a53c97-835b-409e-8a9a-c9a7307a4965,PreservedSpecimen,e22f0b2b-be8c-49e1-9b00-b3a865a2f7fd,ASC00066765,,Plantae|Magnoliophyta|Eudicots|Ranunculales|Ranunculaceae|Delphinium,Plantae,Magnoliophyta,,Ranunculales,Ranunculaceae,"Delphinium robustum",18142,Rydb.,Delphinium,,robustum,,,Species,"H.D. Hammond",,,,,,,"S. Holiday",,,1996,,,,,,,,,,"field values redacted: eventDate, month, day, startDayOfYear, recordNumber, locality, minimumElevationInMeters, decimalLatitude, decimalLongitude, geodeticDatum, coordinateUncertaintyInMeters, verbatimCoordinates, georeferenceRemarks, georeferencedBy, georeferenceSources, georeferenceVerificationStatus",,,,,,,,,,,,"United States",Colorado,"La Plata",,,,,,,,,,,,,,,,,,,,,en,jjc422,"2022-02-12 13:11:19",http://creativecommons.org/licenses/by/3.0/,"Deaver Herbarium",,urn:uuid:e22f0b2b-be8c-49e1-9b00-b3a865a2f7fd,https://www.soroherbaria.org/portal/collections/individual/index.php?occid=21349202
21939826,UNCC,,,827097ef-52b6-4bfc-bdea-45e382fde5b1,PreservedSpecimen,,UNCC_36279,,Plantae|Magnoliophyta|Eudicots|Ranunculales|Ranunculaceae|Delphinium,Plantae,Magnoliophyta,,Ranunculales,Ranunculaceae,"Delphinium robustum",18142,Rydb.,Delphinium,,robustum,,,Species,,,,,,,,,,,,,,,,,,,,,,,,,,,,,,,,,"United States",Colorado,"San Juan",,,,,,,,,,,,,,,,,,,,,,CBSVol,"2020-06-22 16:16:31",http://creativecommons.org/licenses/by-nc/3.0/,,,urn:uuid:79e5d8ad-6387-46d0-854a-c9a56fa83f46,https://www.soroherbaria.org/portal/collections/individual/index.php?occid=21939826
23793783,Harvard,GH,,urn:lsid:biocol.org:col:15631,PreservedSpecimen,163911d2-f6de-4f6a-bf5a-db1d0695dd1c,01660224,,Plantae|Magnoliophyta|Eudicots|Ranunculales|Ranunculaceae|Delphinium,Plantae,Magnoliophyta,,Ranunculales,Ranunculaceae,"Delphinium robustum",18142,Rydb.,Delphinium,,robustum,,,Species,,,,,,,,"F. W. Hunnewell",,,1914,,,,,,,,3082,,"field values redacted: eventDate, month, day, startDayOfYear, verbatimEventDate, recordNumber, locality, habitat",,"{""huh_taxonomic_group"": ""Vascular"", ""huh_project_id"": 7, ""huh_project_name"": ""US and Canada - Mass Digitization""}",,,,NotDetermined,,,undetermined,,Sheet,"United States of America",Colorado,"Larimer County",,,,,,,,,,,,,,,,,,,,"in collection",en,,"2020-05-28 19:44:49",http://creativecommons.org/licenses/by-nc/3.0/,,,urn:uuid:dda64fc7-f842-4a10-9e7c-d2a74cc12a1f,https://www.soroherbaria.org/portal/collections/individual/index.php?occid=23793783
23793784,Harvard,GH,,urn:lsid:biocol.org:col:15631,PreservedSpecimen,d37ded1b-00e8-4d50-94cb-1a21a29a1796,01660225,,Plantae|Magnoliophyta|Eudicots|Ranunculales|Ranunculaceae|Delphinium,Plantae,Magnoliophyta,,Ranunculales,Ranunculaceae,"Delphinium robustum",18142,Rydb.,Delphinium,,robustum,,,Species,,,,,,,,"I. W. Clokey",,,1920,,,,,,,,3771,,"field values redacted: eventDate, month, day, startDayOfYear, verbatimEventDate, recordNumber, locality, minimumElevationInMeters, verbatimElevation, habitat",,"{""huh_taxonomic_group"": ""Vascular"", ""huh_project_id"": 7, ""huh_project_name"": ""US and Canada - Mass Digitization""}",,,,NotDetermined,,,undetermined,,Sheet,"United States of America",Colorado,"Teller County",,,,,,,,,,,,,,,,,,,,"in collection",en,,"2020-05-28 19:47:13",http://creativecommons.org/licenses/by-nc/3.0/,,,urn:uuid:13ae175d-9b09-4839-b535-c9143f92b7d0,https://www.soroherbaria.org/portal/collections/individual/index.php?occid=23793784
23793785,Harvard,GH,,urn:lsid:biocol.org:col:15631,PreservedSpecimen,6d6f2c24-9bd2-415c-a81a-cf3b50c5d613,01660226,,Plantae|Magnoliophyta|Eudicots|Ranunculales|Ranunculaceae|Delphinium,Plantae,Magnoliophyta,,Ranunculales,Ranunculaceae,"Delphinium robustum",18142,Rydb.,Delphinium,,robustum,,,Species,,,,,,,,"R. W. Woodward",,,1881,0,0,,,,,,,,"field values redacted: eventDate, verbatimEventDate, locality",,"{""huh_taxonomic_group"": ""Vascular"", ""huh_project_id"": 7, ""huh_project_name"": ""US and Canada - Mass Digitization""}",,,,NotDetermined,,,undetermined,,Sheet,"United States of America",Colorado,,,,,,,,,,,,,,,,,,,,,"in collection",en,,"2020-05-28 19:47:42",http://creativecommons.org/licenses/by-nc/3.0/,,,urn:uuid:65a41511-95a0-410d-87b0-b70b458433ea,https://www.soroherbaria.org/portal/collections/individual/index.php?occid=23793785
23793786,Harvard,GH,,urn:lsid:biocol.org:col:15631,PreservedSpecimen,c5102bf4-faa9-457d-8e2e-47890d0adc67,01660227,,Plantae|Magnoliophyta|Eudicots|Ranunculales|Ranunculaceae|Delphinium,Plantae,Magnoliophyta,,Ranunculales,Ranunculaceae,"Delphinium robustum",18142,Rydb.,Delphinium,,robustum,,,Species,,,,,,,,"E. L. Greene",,,1870,,,,,,,,19,,"field values redacted: eventDate, month, day, startDayOfYear, verbatimEventDate, recordNumber, locality, verbatimElevation, habitat",,"{""huh_taxonomic_group"": ""Vascular"", ""huh_project_id"": 7, ""huh_project_name"": ""US and Canada - Mass Digitization""}",,,,NotDetermined,,,undetermined,,Sheet,"United States of America",Colorado,,,,,,,,,,,,,,,0,,,,,,"in collection",en,,"2020-05-28 19:59:03",http://creativecommons.org/licenses/by-nc/3.0/,,,urn:uuid:a1d92fe8-479d-4fd8-b958-1750ffca9b56,https://www.soroherbaria.org/portal/collections/individual/index.php?occid=23793786
23793787,Harvard,GH,,urn:lsid:biocol.org:col:15631,PreservedSpecimen,4b0bc898-79a5-4158-b6b4-030eecc54ed6,01660228,,Plantae|Magnoliophyta|Eudicots|Ranunculales|Ranunculaceae|Delphinium,Plantae,Magnoliophyta,,Ranunculales,Ranunculaceae,"Delphinium robustum",18142,Rydb.,Delphinium,,robustum,,,Species,,,,,,,,"T. C. Porter",,,1892,,,,,,,,,,"field values redacted: eventDate, month, day, startDayOfYear, verbatimEventDate, locality",,"{""huh_taxonomic_group"": ""Vascular"", ""huh_project_id"": 7, ""huh_project_name"": ""US and Canada - Mass Digitization""}",,,,NotDetermined,,,undetermined,,Sheet,"United States of America",Colorado,"El Paso County","Colorado Springs",,,,,,,,,,,,,,,,,,,"in collection",en,,"2020-05-28 19:59:37",http://creativecommons.org/licenses/by-nc/3.0/,,,urn:uuid:58dc1eda-036f-41a8-a9c6-6d55ca063b1a,https://www.soroherbaria.org/portal/collections/individual/index.php?occid=23793787
24174924,UNM,"Vascular Plants",,274317fa-b413-42b6-bb9a-cfe8f2e54962,PreservedSpecimen,02eca249-3ebb-4503-9223-6786d51803af,UNM0137222,,Plantae|Magnoliophyta|Eudicots|Ranunculales|Ranunculaceae|Delphinium,Plantae,Magnoliophyta,,Ranunculales,Ranunculaceae,"Delphinium robustum",18142,Rydb.,Delphinium,,robustum,,,Species,"R. Sivinski",,,,,,,"Robert C. Sivinski",,,2019,,,,,,"Several plants, but only one with open flowers. All others in bud.",,,,"field values redacted: eventDate, month, day, startDayOfYear, verbatimEventDate, recordNumber, locality, minimumElevationInMeters, verbatimElevation, decimalLatitude, decimalLongitude, geodeticDatum, coordinateUncertaintyInMeters, verbatimCoordinates, habitat",,,,,"Senecio triangularis, Heracleum maximum, Aconitum columbianum",,,,,,,USA,"New Mexico",Taos,,,,,,,,,,,,,,,,,,,,,,bsivinski,"2022-02-28 13:42:17",http://creativecommons.org/licenses/by-nc/3.0/,,,urn:uuid:02eca249-3ebb-4503-9223-6786d51803af,https://www.soroherbaria.org/portal/collections/individual/index.php?occid=24174924
24639351,NY,,,b39167b5-1732-4bbf-aeda-9b8ede470fbd,PreservedSpecimen,8ba1a0ce-6db1-4204-b122-0bff984965c1,02751898,,Plantae|Magnoliophyta|Eudicots|Ranunculales|Ranunculaceae|Delphinium,Plantae,Magnoliophyta,,Ranunculales,Ranunculaceae,"Delphinium robustum",18142,Rydb.,Delphinium,,robustum,,,Species,,,,,,,,"F. E. Clements",,,1896,0,0,,,,,,,,"field values redacted: eventDate, verbatimEventDate, recordNumber, locality",,,,,,,,,,,sheet,"United States of America",Colorado,,,,,,,,,,,,,,,,,,,,,,en,,"2022-03-04 14:29:29",http://creativecommons.org/licenses/by/3.0/,,,urn:uuid:1aa2aa5c-f925-4d41-9bce-e78e4fff407d,https://www.soroherbaria.org/portal/collections/individual/index.php?occid=24639351
24639352,NY,,,b39167b5-1732-4bbf-aeda-9b8ede470fbd,PreservedSpecimen,e35f75fd-6957-476f-af2b-a414853e9605,2751899,,Plantae|Magnoliophyta|Eudicots|Ranunculales|Ranunculaceae|Delphinium,Plantae,Magnoliophyta,,Ranunculales,Ranunculaceae,"Delphinium robustum",18142,Rydb.,Delphinium,,robustum,,,Species,,,,,,,,"H. H. Rusby",,,1909,,,,,,,,,,"field values redacted: eventDate, month, day, startDayOfYear, endDayOfYear, verbatimEventDate, recordNumber, locality, decimalLatitude, decimalLongitude, geodeticDatum, georeferenceProtocol, georeferenceSources",,,,,,,,,,,sheet,"United States of America",Colorado,"Las Animas Co.",Wootton,,,,,,,,,,,,,,,,,,,,en,,"2022-03-04 14:29:29",http://creativecommons.org/licenses/by/3.0/,,,urn:uuid:8162e56f-0811-4481-911c-aaa2b3432d45,https://www.soroherbaria.org/portal/collections/individual/index.php?occid=24639352
24639353,NY,,,b39167b5-1732-4bbf-aeda-9b8ede470fbd,PreservedSpecimen,cc7c0131-f203-43c2-94f9-a97a04693a33,2751901,,Plantae|Magnoliophyta|Eudicots|Ranunculales|Ranunculaceae|Delphinium,Plantae,Magnoliophyta,,Ranunculales,Ranunculaceae,"Delphinium robustum",18142,Rydb.,Delphinium,,robustum,,,Species,,,,,,,,"C. L. Shear",,,1896,,,,,,,,,,"field values redacted: eventDate, month, day, startDayOfYear, endDayOfYear, verbatimEventDate, recordNumber, decimalLatitude, decimalLongitude, geodeticDatum, georeferenceProtocol, georeferenceSources",,,,,,,,,,,sheet,"United States of America",Colorado,"Huerfano Co.","La Veta",,,,,,,,,,,,,,,,,,,,en,,"2022-03-04 14:29:29",http://creativecommons.org/licenses/by/3.0/,,,urn:uuid:261b4292-5fae-4585-b4ff-b6e982f05b85,https://www.soroherbaria.org/portal/collections/individual/index.php?occid=24639353
24639354,NY,,,b39167b5-1732-4bbf-aeda-9b8ede470fbd,PreservedSpecimen,72c5f4d9-5b36-4c42-8a14-cf30fee6b4d8,2751902,,Plantae|Magnoliophyta|Eudicots|Ranunculales|Ranunculaceae|Delphinium,Plantae,Magnoliophyta,,Ranunculales,Ranunculaceae,"Delphinium robustum",18142,Rydb.,Delphinium,,robustum,,,Species,,,,,,,,"S. L. Clarke",,,1895,,,,,,,,,,"field values redacted: eventDate, month, day, startDayOfYear, endDayOfYear, verbatimEventDate, recordNumber, minimumElevationInMeters, verbatimElevation, decimalLatitude, decimalLongitude, geodeticDatum, georeferenceProtocol, georeferenceSources",,,,,,,,,,,sheet,"United States of America",Colorado,"El Paso Co.","Colorado Springs",,,,,,,,,,,,,,,,,,,,en,,"2022-03-04 14:29:29",http://creativecommons.org/licenses/by/3.0/,,,urn:uuid:fea0ae5a-719d-4782-982e-8bd17e983e7a,https://www.soroherbaria.org/portal/collections/individual/index.php?occid=24639354
24651698,NY,,,b39167b5-1732-4bbf-aeda-9b8ede470fbd,PreservedSpecimen,4575aa91-8e81-4fc0-a1e1-5cef23b6280a,03195743,,Plantae|Magnoliophyta|Eudicots|Ranunculales|Ranunculaceae|Delphinium,Plantae,Magnoliophyta,,Ranunculales,Ranunculaceae,"Delphinium robustum",18142,Rydb.,Delphinium,,robustum,,,Species,"M. J. Warnock",1979,,,,,,"D. B. Dunn",,,1963,,,,,,,,,,"field values redacted: eventDate, month, day, startDayOfYear, endDayOfYear, verbatimEventDate, recordNumber, locality, minimumElevationInMeters, verbatimElevation",,,,,,,,,,,sheet,"United States of America",Colorado,"Saguache Co.",,,,,,,,,,,,,,,,,,,,,en,,"2022-03-04 14:29:29",http://creativecommons.org/licenses/by/3.0/,,,urn:uuid:e1a369f2-81df-4f72-85c8-0d00891748d8,https://www.soroherbaria.org/portal/collections/individual/index.php?occid=24651698
24694800,NY,,,b39167b5-1732-4bbf-aeda-9b8ede470fbd,PreservedSpecimen,6ebffd40-d13a-4f0f-8654-5dbad94cc0c7,2751907,,Plantae|Magnoliophyta|Eudicots|Ranunculales|Ranunculaceae|Delphinium,Plantae,Magnoliophyta,,Ranunculales,Ranunculaceae,"Delphinium robustum",18142,Rydb.,Delphinium,,robustum,,,Species,,,,,,,,"F. Beckwith",,,1917,,0,,,,,,,,"field values redacted: eventDate, month, verbatimEventDate, recordNumber, decimalLatitude, decimalLongitude, geodeticDatum, georeferenceProtocol, georeferenceSources",,,,,,,,,,,sheet,"United States of America",Colorado,"Las Animas Co.",Tercio,,,,,,,,,,,,,,,,,,,,en,,"2022-03-04 14:29:29",http://creativecommons.org/licenses/by/3.0/,,,urn:uuid:a8a6c988-4946-40f5-95fb-bdadf3092ac5,https://www.soroherbaria.org/portal/collections/individual/index.php?occid=24694800
24718021,NY,,,b39167b5-1732-4bbf-aeda-9b8ede470fbd,PreservedSpecimen,522d8d13-54b6-4514-bb59-a6e53a240bd7,2751903,,Plantae|Magnoliophyta|Eudicots|Ranunculales|Ranunculaceae|Delphinium,Plantae,Magnoliophyta,,Ranunculales,Ranunculaceae,"Delphinium robustum",18142,Rydb.,Delphinium,,robustum,,,Species,,,,,,,,"E. L. Johnston",,,1910,,,,,,,,,,"field values redacted: eventDate, month, day, startDayOfYear, endDayOfYear, verbatimEventDate, recordNumber, locality, decimalLatitude, decimalLongitude, geodeticDatum, georeferenceProtocol, georeferenceSources",,,,,,,,,,,sheet,"United States of America",Colorado,,,,,,,,,,,,,,,,,,,,,,en,,"2022-03-04 14:29:29",http://creativecommons.org/licenses/by/3.0/,,,urn:uuid:67e9a426-8457-47f6-b4e7-428d94531420,https://www.soroherbaria.org/portal/collections/individual/index.php?occid=24718021
27118539,NY,,,b39167b5-1732-4bbf-aeda-9b8ede470fbd,PreservedSpecimen,c27bbf0f-eb96-4d8b-8b7e-5043a20e517a,2751906,,Plantae|Magnoliophyta|Eudicots|Ranunculales|Ranunculaceae|Delphinium,Plantae,Magnoliophyta,,Ranunculales,Ranunculaceae,"Delphinium robustum",18142,Rydb.,Delphinium,,robustum,,,Species,,,,,,,,"J. Murdoch",,,1911,,,,,,,,,,"field values redacted: eventDate, month, day, startDayOfYear, endDayOfYear, verbatimEventDate, recordNumber, locality, minimumElevationInMeters, verbatimElevation, decimalLatitude, decimalLongitude, geodeticDatum, georeferenceProtocol, georeferenceSources",,,,,,,,,,,sheet,"United States of America",Colorado,"Mineral Co.",,,,,,,,,,,,,,,,,,,,,en,,"2022-03-04 14:29:29",http://creativecommons.org/licenses/by/3.0/,,,urn:uuid:46539ad9-b5cd-4379-886f-9e80061a1a26,https://www.soroherbaria.org/portal/collections/individual/index.php?occid=27118539
27118540,NY,,,b39167b5-1732-4bbf-aeda-9b8ede470fbd,PreservedSpecimen,95610fc8-039d-4876-8d16-3c284e6540e9,2751914,,Plantae|Magnoliophyta|Eudicots|Ranunculales|Ranunculaceae|Delphinium,Plantae,Magnoliophyta,,Ranunculales,Ranunculaceae,"Delphinium robustum",18142,Rydb.,Delphinium,,robustum,,,Species,,,,,,,,"E. O. Wooton",,,1910,,,,,,,,,,"field values redacted: eventDate, month, day, startDayOfYear, endDayOfYear, verbatimEventDate, recordNumber, locality, minimumElevationInMeters, verbatimElevation",,,,,,,,,,,sheet,"United States of America","New Mexico",,,,"[US & Canada]",,,,,,,,,,,,,,,,,,en,,"2022-03-04 14:29:29",http://creativecommons.org/licenses/by/3.0/,,,urn:uuid:c1085c73-a85c-41ff-9912-2ebdd1724c8a,https://www.soroherbaria.org/portal/collections/individual/index.php?occid=27118540
29089988,NY,,,b39167b5-1732-4bbf-aeda-9b8ede470fbd,PreservedSpecimen,e41108b7-0fcd-475a-94d2-6e9d1b37cf1b,2751916,,Plantae|Magnoliophyta|Eudicots|Ranunculales|Ranunculaceae|Delphinium,Plantae,Magnoliophyta,,Ranunculales,Ranunculaceae,"Delphinium robustum",18142,Rydb.,Delphinium,,robustum,,,Species,,,,,,,,"E. O. Wooton",,,1895,,,,,,,,,,"field values redacted: eventDate, month, day, startDayOfYear, endDayOfYear, verbatimEventDate, recordNumber, locality, minimumElevationInMeters, verbatimElevation",,,,,,,,,,,sheet,"United States of America","New Mexico","Lincoln Co.",,,"[US & Canada]",,,,,,,,,,,,,,,,,,en,,"2022-03-04 14:29:29",http://creativecommons.org/licenses/by/3.0/,,,urn:uuid:60e595ff-8221-41ad-bd74-a20ca4240870,https://www.soroherbaria.org/portal/collections/individual/index.php?occid=29089988
29090408,NY,,,b39167b5-1732-4bbf-aeda-9b8ede470fbd,PreservedSpecimen,e3864fae-a552-4524-8fe4-99f98b0d200b,2751915,,Plantae|Magnoliophyta|Eudicots|Ranunculales|Ranunculaceae|Delphinium,Plantae,Magnoliophyta,,Ranunculales,Ranunculaceae,"Delphinium robustum",18142,Rydb.,Delphinium,,robustum,,,Species,,,,,,,,"E. O. Wooton",,,1910,,,,,,,,,,"field values redacted: eventDate, month, day, startDayOfYear, endDayOfYear, verbatimEventDate, recordNumber, locality, minimumElevationInMeters, verbatimElevation",,,,,,,,,,,sheet,"United States of America","New Mexico",,,,"[US & Canada]",,,,,,,,,,,,,,,,,,en,,"2022-03-04 14:29:29",http://creativecommons.org/licenses/by/3.0/,,,urn:uuid:d8e3d35c-6234-4c81-b6b5-b486142dcc69,https://www.soroherbaria.org/portal/collections/individual/index.php?occid=29090408
