id,institutionCode,collectionCode,ownerInstitutionCode,basisOfRecord,occurrenceID,catalogNumber,otherCatalogNumbers,higherClassification,kingdom,phylum,class,order,family,scientificName,taxonID,scientificNameAuthorship,genus,subgenus,specificEpithet,verbatimTaxonRank,infraspecificEpithet,taxonRank,identifiedBy,dateIdentified,identificationReferences,identificationRemarks,taxonRemarks,identificationQualifier,typeStatus,recordedBy,associatedCollectors,recordNumber,eventDate,year,month,day,startDayOfYear,endDayOfYear,verbatimEventDate,occurrenceRemarks,habitat,substrate,verbatimAttributes,fieldNumber,eventID,informationWithheld,dataGeneralizations,dynamicProperties,associatedOccurrences,associatedSequences,associatedTaxa,reproductiveCondition,establishmentMeans,cultivationStatus,lifeStage,sex,individualCount,preparations,country,stateProvince,county,municipality,locality,locationRemarks,localitySecurity,localitySecurityReason,decimalLatitude,decimalLongitude,geodeticDatum,coordinateUncertaintyInMeters,verbatimCoordinates,georeferencedBy,georeferenceProtocol,georeferenceSources,georeferenceVerificationStatus,georeferenceRemarks,minimumElevationInMeters,maximumElevationInMeters,minimumDepthInMeters,maximumDepthInMeters,verbatimDepth,verbatimElevation,disposition,language,recordEnteredBy,modified,sourcePrimaryKey-dbpk,collID,recordID,references
374448,UCR,,,PreservedSpecimen,UCR-BPS-6605,,UCR-6605,"Plantae|Magnoliophyta|Eudicots|Core Eudicots|Caryophyllales|Polygonaceae|Eriogonum",Plantae,Magnoliophyta,,Caryophyllales,Polygonaceae,"Eriogonum coloradense",83090,Small,Eriogonum,,coloradense,,,Species,,,,,,,,"Carol Chaney",,s.n.,1960-07-16,1960,7,16,198,,1960-7-16,,"Shale slope.",,,,,,,,,,,Flowering,,,,,,,"United States",Colorado,Gunnison,,"N slope of Belleview Mountain",,,,39.04444,-106.99806,,,,,,TopoZoneTS,,,3659,,,,,,,,,"2021-10-16 14:58:19",1517728,9,urn:uuid:ebb66299-f5fa-42ff-882f-2911db418b31,https://www.soroherbaria.org/portal/collections/individual/index.php?occid=374448
505145,CS,,,PreservedSpecimen,01eae703-e2ef-4384-bfb9-324ff1be4608,109998,39206,"Plantae|Magnoliophyta|Eudicots|Core Eudicots|Caryophyllales|Polygonaceae|Eriogonum",Plantae,Magnoliophyta,,Caryophyllales,Polygonaceae,"Eriogonum coloradense",83090,Small,Eriogonum,,coloradense,,,Species,,,,,,,,"collectors: N Russell 10053",,,1959-06-29,1959,6,29,180,,"29 Jun 1959",,"open steep shaly slope, SW expos",,,,,,,,,,,,,,,,1,,"United States",Colorado,"Gunnison County",,"4 mi N of Gothic, 12 mi N of Crested Butte near Emerald Lake",,,,39,-107.03,WGS84,,,,,,,,3200,,,,,10499ft.,,en,,"2017-01-16 18:02:08",9868,30,urn:uuid:01eae703-e2ef-4384-bfb9-324ff1be4608,https://www.soroherbaria.org/portal/collections/individual/index.php?occid=505145
505146,CS,,,PreservedSpecimen,a3db1ce8-bcfd-4905-a51c-7be9fe77d7f9,102217,68284,"Plantae|Magnoliophyta|Eudicots|Core Eudicots|Caryophyllales|Polygonaceae|Eriogonum",Plantae,Magnoliophyta,,Caryophyllales,Polygonaceae,"Eriogonum coloradense",83090,Small,Eriogonum,,coloradense,,,Species,,,,,,,,"collectors: W Grey 1461",,,1981-07-31,1981,7,31,212,,"31 Jul 1981",,"sandstone talus",,,,,,,,,,"Valeriana, Penstemon, Festuca",,,,,,1,,"United States",Colorado,"Gunnison County",,"E facing slope of S Ridge of Avery Peak, Virginia Basin",,,,38.96,-106.98,WGS84,,,,,,,,3596,,,,,11798ft.,,en,,"2017-01-16 18:02:07",2165,30,urn:uuid:a3db1ce8-bcfd-4905-a51c-7be9fe77d7f9,https://www.soroherbaria.org/portal/collections/individual/index.php?occid=505146
505147,CS,,,PreservedSpecimen,ccb032dc-f9f1-4c09-a87f-927ea73b8dd8,109996,48464,"Plantae|Magnoliophyta|Eudicots|Core Eudicots|Caryophyllales|Polygonaceae|Eriogonum",Plantae,Magnoliophyta,,Caryophyllales,Polygonaceae,"Eriogonum coloradense",83090,Small,Eriogonum,,coloradense,,,Species,,,,,,,,"collectors: D Bathke 569",,,1967-07-24,1967,7,24,205,,"24 Jul 1967",,"dry meadow, E expos, fine gravel & rocks",,,,,,,,,,,,,,,,1,,"United States",Colorado,"Gunnison County",,"Robinson Basin, 30 mi N of Gunnison, 8 mi W of Crested Butte, 2 mi N of Kebler Pass",,,,38.86,-107.13,WGS84,,,,,,,,3444,,,,,11300ft.,,en,,"2017-01-16 18:02:07",41341,30,urn:uuid:ccb032dc-f9f1-4c09-a87f-927ea73b8dd8,https://www.soroherbaria.org/portal/collections/individual/index.php?occid=505147
505148,CS,,,PreservedSpecimen,b4f4a881-cced-4517-8fcc-78c6c0e209c0,109999,34526,"Plantae|Magnoliophyta|Eudicots|Core Eudicots|Caryophyllales|Polygonaceae|Eriogonum",Plantae,Magnoliophyta,,Caryophyllales,Polygonaceae,"Eriogonum coloradense",83090,Small,Eriogonum,,coloradense,,,Species,,,,,,,,"collectors: H Harrington & Y Matsumura",,,1952-08-05,1952,8,5,218,,"5 Aug 1952",,"open slope",,,,,,,,,,,,,,,,1,,"United States",Colorado,"Park County",,"near Como",,,,,,WGS84,,,,,,,,2956,,,,,9699ft.,,en,,"2017-01-16 18:02:07",9869,30,urn:uuid:b4f4a881-cced-4517-8fcc-78c6c0e209c0,https://www.soroherbaria.org/portal/collections/individual/index.php?occid=505148
530268,CS,,,PreservedSpecimen,1fcffb1a-1267-4c7c-9dda-e596a325279f,109997,91957,"Plantae|Magnoliophyta|Eudicots|Core Eudicots|Caryophyllales|Polygonaceae|Eriogonum",Plantae,Magnoliophyta,,Caryophyllales,Polygonaceae,"Eriogonum coloradense",83090,Small,Eriogonum,,coloradense,,,Species,,,,,,,,"collectors: Melanie Arnett",,6384,1999-08-05,1999,8,5,217,,"5 Aug 1999",,"Ash beds in mountain parkland.",,,,,,,,,,,,,,,,1,,"United States",Colorado,"Saguache County",,"Southern Gunnison Basin: Cochetopa Park: ash beds along Los Creek between County roads 17-FF and 17-GG, ca 3.4 air mi SSE of Cochetopa Dome.",,,,38.17,-106.68,WGS84,,,,,,,,2798,,,,,9180ft.,,en,,"2017-01-16 15:01:09",9867,30,urn:uuid:1fcffb1a-1267-4c7c-9dda-e596a325279f,https://www.soroherbaria.org/portal/collections/individual/index.php?occid=530268
1353187,RM,,RM,PreservedSpecimen,,750564,,"Plantae|Magnoliophyta|Eudicots|Core Eudicots|Caryophyllales|Polygonaceae|Eriogonum",Plantae,Magnoliophyta,,Caryophyllales,Polygonaceae,"Eriogonum coloradense",83090,Small,Eriogonum,,coloradense,,,Species,,,,,,,,"Melanie Arnett",,6384,1999-08-05,1999,8,5,217,,1999-8-5,,"Ash beds in mountain parkland.",,,,,,,,,,,flowering,,,,,,,U.S.A.,Colorado,Saguache,,"Southern Gunnison Basin: Cochetopa Park: ash beds along Los Creek between County roads 17-FF and 17-GG, ca 3.4 air mi SSE of Cochetopa Dome.",,,,38.1711,-106.6818,,,"38.1711° N, 106.6818° W; T45N R3E S7 NW1/4; also T45N R2E S12 NE1/4",,,,,,2799,2811,,,,"9180-9220 ft.",,English,,"2009-03-19 15:24:24",RM-305147,50,urn:uuid:f766a4ce-15ad-4bb7-b0b2-f6f25ef935a2,https://www.soroherbaria.org/portal/collections/individual/index.php?occid=1353187
1502347,RM,,RM,PreservedSpecimen,,339918,,"Plantae|Magnoliophyta|Eudicots|Core Eudicots|Caryophyllales|Polygonaceae|Eriogonum",Plantae,Magnoliophyta,,Caryophyllales,Polygonaceae,"Eriogonum coloradense",83090,Small,Eriogonum,,coloradense,,,Species,,,,,,,,"Barry C. Johnston, Pete Lucas",,1320,1977-07-13,1977,7,13,194,,1977-7-13,,"60% SS-facing talus slope with gravel on surface and hard-caked fine soil 1-2 in below surface. Growing with Stellaria irrigua, Erni, Ligularia soldanella.",,,,,,,,,,,"flowering and fruiting",,,,,,,U.S.A.,Colorado,Gunnison,,"Gunnison National Forest: just SS of false summit between E and W summits of Mt. Bellview.",,,,39.01196,-107.02182,"NAD 83",,,,,"Nat. Geog. TOPO!",,,3671,,,,,"12040 ft.",,English,,"2013-02-06 11:10:20",RM-456572,50,urn:uuid:71d3e1e5-b7d6-4ced-862e-7022994f3457,https://www.soroherbaria.org/portal/collections/individual/index.php?occid=1502347
1502514,RM,,RM,PreservedSpecimen,,315101,,"Plantae|Magnoliophyta|Eudicots|Core Eudicots|Caryophyllales|Polygonaceae|Eriogonum",Plantae,Magnoliophyta,,Caryophyllales,Polygonaceae,"Eriogonum coloradense",83090,Small,Eriogonum,,coloradense,,,Species,,,,,,,,"Barry C. Johnston, Pete Lucas",,1866,1978-08-03,1978,8,3,215,,"03 Aug 1978",,"Flat-sided moderately-steep WW-facing shale talus slope. Growing with Senecio porteri, Potentilla ovina, Penstemon harbourii, Crepis nana, Ligularia soldanella.",,,,,,,,,,,flowering,,,,,,,U.S.A.,Colorado,Gunnison,,"Just west of the west summit of Mt. Belleview, north of Gothic.",,,,,,,,"T12S R86W S17 SW1/4 of NW1/4",,,,,,3715,3750,,,,"3715-3750 m.",,English,,"2012-02-16 17:04:04",RM-456722,50,urn:uuid:b483b27a-b3e7-40d6-b999-6592b060b54c,https://www.soroherbaria.org/portal/collections/individual/index.php?occid=1502514
1502515,RM,,RM,PreservedSpecimen,,339975,,"Plantae|Magnoliophyta|Eudicots|Core Eudicots|Caryophyllales|Polygonaceae|Eriogonum",Plantae,Magnoliophyta,,Caryophyllales,Polygonaceae,"Eriogonum coloradense",83090,Small,Eriogonum,,coloradense,,,Species,,,,,,,,"Barry C. Johnston, Pete Lucas",,1866,1978-08-03,1978,8,3,215,,"03 Aug 1978",,"Flat-sided moderately-steep WW-facing Mancos-shale talus slope. Growing with Senecio porteri, Taraxacum eriophorum, Crepis nana, Penstemon harbourii.",,,,,,,,,,,flowering,,,,,,,U.S.A.,Colorado,Gunnison,,"White River National Forest: west of the west summit of Mt. Belleview, north of Gothic.",,,,39.01592,-107.02621,"NAD 83",,"T12S R86W S17 SW1/4 of NW1/4",,,"Nat. Geog. TOPO!",,,3735,,,,,"12250 ft.",,English,,"2013-02-06 11:10:20",RM-456723,50,urn:uuid:5d627d60-5e4c-43fc-baa7-a85d53e1737a,https://www.soroherbaria.org/portal/collections/individual/index.php?occid=1502515
2816925,NY,,,PreservedSpecimen,f6081fa8-d97f-49d8-b3c7-aefed6c39196,323209,,"Plantae|Magnoliophyta|Eudicots|Core Eudicots|Caryophyllales|Polygonaceae|Eriogonum",Plantae,Magnoliophyta,,Caryophyllales,Polygonaceae,"Eriogonum coloradense",83090,Small,Eriogonum,,coloradense,,,Species,,,,,,,holotype,"F. E. Clements",,s.n.,1896-00-00,1896,0,0,,,1896,,,,,,,,,,,,,,,,,,,sheet,"United States of America",Colorado,"Chaffee Co.",,"Mt. Harvard",,,,38.934426,-106.323589,WGS84,,,,"Georeferencing Quick Reference Guide, Version 2012","Google Maps (map data 2019); MaNIS Georef. Calculator",,,,,,,,,,en,,"2022-03-04 14:28:48",f6081fa8-d97f-49d8-b3c7-aefed6c39196,40,urn:uuid:0b300466-7048-4182-bc9a-0b005892a2a6,https://www.soroherbaria.org/portal/collections/individual/index.php?occid=2816925
3003447,"Utah State University",UTC,,PreservedSpecimen,301859dd-7b6e-4a01-b421-c5ae1b81c5da,UTC00256933,,"Plantae|Magnoliophyta|Eudicots|Core Eudicots|Caryophyllales|Polygonaceae|Eriogonum",Plantae,Magnoliophyta,,Caryophyllales,Polygonaceae,"Eriogonum coloradense",83090,Small,Eriogonum,,coloradense,,,Species,"Charles F. Williams",2010,,,,,,"Charles F. Williams",,2010-0351,2010-08-14,2010,8,14,226,,,"Very abundant.","Riparian areas and adjacent meadows. Site grazed and trampled by cattle. On bare slate at base of earth flow.",,"Full bloom.",,,,,,,,,,,0,,,,,"United States",Colorado,Gunnison,,"Gothic Rocky Mountain Biological Laboratory. East River Meanders, below Rosy Point.",,0,,38.93461,-106.96452,,1100,"TRS: T13S R86W sec 11 SW 1/4 SPCO",,,,,,2930,,,,,9600ft,,,rjsanchez,"2016-11-30 11:49:51",,16,urn:uuid:301859dd-7b6e-4a01-b421-c5ae1b81c5da,https://www.soroherbaria.org/portal/collections/individual/index.php?occid=3003447
3030012,RMBL,,,PreservedSpecimen,4968dfcd-a519-414a-8c7a-3e41ad3216d6,RMBL0009659,,"Plantae|Magnoliophyta|Eudicots|Core Eudicots|Caryophyllales|Polygonaceae|Eriogonum",Plantae,Magnoliophyta,,Caryophyllales,Polygonaceae,"Eriogonum coloradense",83090,Small,Eriogonum,,coloradense,,,Species,"Williams, Charles F.",2010,"Colorado Flora 3rd ed.",,,,,"Williams, Charles F.",,2010-0260,2010-07-25,2010,7,25,206,,,,"In cracks and on small ledges in gully on face above Old Maid snowfield. Most collections from near top of face. Several plants in very loose soil/scree near top of face. Subalpine and alpine cliff face and ledge communities with shallow, mineral so",,"Full bloom. Fairly common but scattered.",,,,,,,,,Flower,,,,,,,"United States",Colorado,Gunnison,,"Gothic. East Face of Gothic Mountain above Rocky Mountain Biological Laboratory. From top of Old Maid to Summit up gullies and ledges.",,,,38.95446,-107.00159,WGS84,100,"NW1/4 S3 T13S R86W; lat: 38.95446 N; long: 107.00159 W","Williams, Charles F.",,GPS,,,3224,3848,,,,10578-12624ft,,,willcha2,"2018-10-07 13:23:05",RMBL0009659,112,urn:uuid:4968dfcd-a519-414a-8c7a-3e41ad3216d6,https://www.soroherbaria.org/portal/collections/individual/index.php?occid=3030012
3030013,RMBL,,,PreservedSpecimen,23470f21-5762-4b00-abed-86558e102f8a,RMBL0009692,,"Plantae|Magnoliophyta|Eudicots|Core Eudicots|Caryophyllales|Polygonaceae|Eriogonum",Plantae,Magnoliophyta,,Caryophyllales,Polygonaceae,"Eriogonum coloradense",83090,Small,Eriogonum,,coloradense,,,Species,"Williams, Charles F.",2010,"Colorado Flora 3rd ed.",,,,,"Williams, Charles F.",,2010-0308,2010-08-07,2010,8,7,219,,,,"Talus and scree slopes above treeline. On ridge.",,"Round heads with pink and white flowers. Full bloom. Relatively common.",,,,,,,,,Flower,,,,,,,"United States",Colorado,Gunnison,,"Gothic. Rocky Mountain Biological Laboratory, from Research Meadow up West Ridge of Red Rock Peak (Mt. Harrison). From upper saddle to true summit along SW ridge.",,,,38.96131,-106.95718,WGS84,100,"SE1/4 S36 T12S R86W; lat: 38.9613108 N; long: 106.9571828 W","Williams, Charles F.",,GPS,,,3459,3853,,,,11350-12640ft,,,willcha2,"2018-10-07 13:23:05",RMBL0009692,112,urn:uuid:23470f21-5762-4b00-abed-86558e102f8a,https://www.soroherbaria.org/portal/collections/individual/index.php?occid=3030013
3030014,RMBL,,,PreservedSpecimen,bb58a790-332d-4ebb-8ab3-f7bd22fd48e7,RMBL0003041,,"Plantae|Magnoliophyta|Eudicots|Core Eudicots|Caryophyllales|Polygonaceae|Eriogonum",Plantae,Magnoliophyta,,Caryophyllales,Polygonaceae,"Eriogonum coloradense",83090,Small,Eriogonum,,coloradense,,,Species,"Taylor, Kevin J.",1995,,,,,,"Taylor, Kevin J.","Seagrist, Randy",187,1995-08-03,1995,8,3,215,,,"Label: Plants of Hasley Basin.","Dry tundra.",,"Herbaceous, terrestrial, green stems and leaves, green sepals, blue-purple petals, orange anthers.",,,,,,,,,Flower,,,,,,,"United States",Colorado,Gunnison,,"Maroon Bells-Snowmass Wilderness Area, White River National Forest, base of S-side of ""Mt. Sky Pilot"" (Pt. 12648ft), SE ridge of Hasley Basin (NW of Frigid Air Pass), 13 mi N of Crested Butte.",,,,39.055967,-107.02483,WGS84,500,"lat: 39.2.32 N; long: 107.2.29 W","C.F. Williams",,GeoLocate,,"lat/lon on label are incorrect.",3855,,,,,12648ft.,,,"Aldridge, George","2018-10-07 13:23:05",RMBL0003041,112,urn:uuid:bb58a790-332d-4ebb-8ab3-f7bd22fd48e7,https://www.soroherbaria.org/portal/collections/individual/index.php?occid=3030014
3030015,RMBL,,,PreservedSpecimen,22319f5c-da93-4560-a1c1-8dda083e7c66,RMBL0003039,,"Plantae|Magnoliophyta|Eudicots|Core Eudicots|Caryophyllales|Polygonaceae|Eriogonum",Plantae,Magnoliophyta,,Caryophyllales,Polygonaceae,"Eriogonum coloradense",83090,Small,Eriogonum,,coloradense,,,Species,"Taylor, Kevin J.",1995,,,,,,"Taylor, Kevin J.","Seagrist, Randy",257,1995-08-11,1995,8,11,223,,,"Label: Plants of Hasley Basin.","Dry tundra.",,"Green sepals with red tint, white petals with green stripe, yellow anthers.",,,,,,,,,Flower,,,,,,,"United States",Colorado,Gunnison,,"Maroon Bells-Snowmass Wilderness Area, White River National Forest; SE Hasley Ridge, 13.0 mi. N of Crested Butte.",,,,39.056069,-107.02487,WGS84,600,"lat: 39.2.32 N; long: 107.2.29 W","C.F. Williams",,GeoLocate,,"lat/lon on label are incorrect.",3780,,,,,12300ft,,,"Aldridge, George","2018-10-07 13:23:05",RMBL0003039,112,urn:uuid:22319f5c-da93-4560-a1c1-8dda083e7c66,https://www.soroherbaria.org/portal/collections/individual/index.php?occid=3030015
3030016,RMBL,,,PreservedSpecimen,ea5b11a8-e2be-403d-bcfd-83384e67106d,RMBL0003042,,"Plantae|Magnoliophyta|Eudicots|Core Eudicots|Caryophyllales|Polygonaceae|Eriogonum",Plantae,Magnoliophyta,,Caryophyllales,Polygonaceae,"Eriogonum coloradense",83090,Small,Eriogonum,,coloradense,,,Species,"Taylor, Kevin J.",1995,,,,,,"Taylor, Kevin J.","Seagrist, Randy",339,1995-08-31,1995,8,31,243,,,"Label: Plants of Hasley Basin.","Dry tundra.",,"Herbaceous, terrestrial, green stems and leaves, green sepals with red tips, white petals with green stripe down middle above and below, orange anthers.",,,,,,,,,Flower,,,,,,,"United States",Colorado,Gunnison,,"Maroon Bells-Snowmass Wilderness Area, White River National Forest, SW ridge of Hasley Basin, 13.0 mi. N of Crested Butte.",,,,39.049121,-107.047354,WGS84,750,"lat: 39.2.32 N; long: 107.2.29 W","C.F. Williams",,GeoLocate,,"lat/lon on label are incorrect.",3719,3780,,,,12200-12400ft.,,,"Aldridge, George","2018-10-07 13:23:05",RMBL0003042,112,urn:uuid:ea5b11a8-e2be-403d-bcfd-83384e67106d,https://www.soroherbaria.org/portal/collections/individual/index.php?occid=3030016
3030017,RMBL,,,PreservedSpecimen,8afec548-f144-4663-8aa3-1d1ecae2f5f6,RMBL0003040,,"Plantae|Magnoliophyta|Eudicots|Core Eudicots|Caryophyllales|Polygonaceae|Eriogonum",Plantae,Magnoliophyta,,Caryophyllales,Polygonaceae,"Eriogonum coloradense",83090,Small,Eriogonum,,coloradense,,,Species,"Seagrist, Randy",1995,,,,,,"Seagrist, Randy","Taylor, Kevin J.",1135,1995-08-03,1995,8,3,215,,,"Label: Plants of Hasley Basin.","Dry tundra.",,"Herbaceous, terrestrial, leaves green on top, silvery pubescent underneath, pink to white corollas.",,,,,,,,,Flower,,,,,,,"United States",Colorado,Gunnison,,"Maroon Bells-Snowmass Wilderness Area, White River National Forest, SE ridge of Hasley Basin (between Hasley and Fravert Basins, NW of Frigid Air Pass), 13 mi N of Crested Butte.",,,,39.061865,-107.027448,WGS84,1000,"lat: 39.2.32 N; long: 107.2.29 W","C.F. Williams",,GeoLocate,,"lat/lon on label are incorrect.",3719,3855,,,,12200-12648ft.,,,"Aldridge, George","2018-01-25 14:41:41",RMBL0003040,112,urn:uuid:8afec548-f144-4663-8aa3-1d1ecae2f5f6,https://www.soroherbaria.org/portal/collections/individual/index.php?occid=3030017
3030018,RMBL,,,PreservedSpecimen,be3c54ca-fb89-4736-b078-a8c108ca351c,RMBL0003043,,"Plantae|Magnoliophyta|Eudicots|Core Eudicots|Caryophyllales|Polygonaceae|Eriogonum",Plantae,Magnoliophyta,,Caryophyllales,Polygonaceae,"Eriogonum coloradense",83090,Small,Eriogonum,,coloradense,,,Species,"Seagrist, R.",1994,,,,,,"Seagrist, Randy",,579,1994-07-20,1994,7,20,201,,,"Label: Plants of Gunnison County.","Alpine tundra.",,"Leaves green on top and white underneath, white corollas.",,,,,,,,,Flower,,,,,,,"United States",Colorado,Gunnison,,"Hasley Basin, SW ridge and peak.",,,,39.05157,-107.050962,WGS84,500,"SW 1/4 S31 T11S R86W","C.F. Williams",,GeoLocate,,,3749,,,,,12300ft.,,,"Aldridge, George","2018-10-07 13:23:05",RMBL0003043,112,urn:uuid:be3c54ca-fb89-4736-b078-a8c108ca351c,https://www.soroherbaria.org/portal/collections/individual/index.php?occid=3030018
3030019,RMBL,,,PreservedSpecimen,470264a3-7323-40f6-bea3-bb1b53feae63,RMBL0004282,,"Plantae|Magnoliophyta|Eudicots|Core Eudicots|Caryophyllales|Polygonaceae|Eriogonum",Plantae,Magnoliophyta,,Caryophyllales,Polygonaceae,"Eriogonum coloradense",83090,Small,Eriogonum,,coloradense,,,Species,"Seagrist, R.",1994,,,,,,"Seagrist, Randy",,582,1994-07-20,1994,7,20,201,,,"Label: Plants of Gunnison County.","Alpine tundra.",,"Leaves green on top and white underneath, white corollas.",,,,,,,,,Flower,,,,,,,"United States",Colorado,Gunnison,,"Hasley Basin, SW ridge and peak.",,,,39.05157,-107.050962,WGS84,500,"SW 1/4 S31 T11S R86W","C.F. Williams",,GeoLocate,,,3780,,,,,12400ft.,,,"Aldridge, George","2018-10-07 13:23:05",RMBL0004282,112,urn:uuid:470264a3-7323-40f6-bea3-bb1b53feae63,https://www.soroherbaria.org/portal/collections/individual/index.php?occid=3030019
3030020,RMBL,,,PreservedSpecimen,7dab74de-f460-42e7-b323-d3b1ae8aa4a5,RMBL0004279,,"Plantae|Magnoliophyta|Eudicots|Core Eudicots|Caryophyllales|Polygonaceae|Eriogonum",Plantae,Magnoliophyta,,Caryophyllales,Polygonaceae,"Eriogonum coloradense",83090,Small,Eriogonum,,coloradense,,,Species,"Largent, George",1950,,,,,,"Largent, George",,62,1950-07-14,1950,7,14,195,,,"Label: Herbarium of University of Tulsa.","Subalpine forest (open spots on floor).",,,,,,,,,,,Flower,,,,,,,"United States",Colorado,Gunnison,,"Gothic Natural Area.",,,,38.992156,-107.02996,WGS84,1383,,"C.F. Williams",,GeoLocate,,"2-4 mi N of Gothic, below and E of Mount Baldy",2987,3903,,,,9800-12805ft,,,"Aldridge, George","2018-10-07 13:23:05",RMBL0004279,112,urn:uuid:7dab74de-f460-42e7-b323-d3b1ae8aa4a5,https://www.soroherbaria.org/portal/collections/individual/index.php?occid=3030020
3030021,RMBL,,,PreservedSpecimen,130332ff-919d-4b3a-bb88-2ad7646f2d80,RMBL0004281,,"Plantae|Magnoliophyta|Eudicots|Core Eudicots|Caryophyllales|Polygonaceae|Eriogonum",Plantae,Magnoliophyta,,Caryophyllales,Polygonaceae,"Eriogonum coloradense",83090,Small,Eriogonum,,coloradense,,,Species,"Barclay, Harriet G.",1951,,,,,,"Barclay, Harriet G.",,51-C-270,1951-07-25,1951,7,25,206,,,"Label: Herbarium of University of Tulsa.","Near meadow.",,,,,,"Date and locality do not match field notes for this collection. 1951-07-29; Near top Bellview, in shale. Coll. Pete Drabeck.",,,,,Fruit,,,,,,,"United States",Colorado,Gunnison,,"West side of Conundrum [Triangle] Pass.",,,,38.9943,-106.910384,WGS84,250,,"C.F. Williams",,GeoLocate,,"Triangle Pass often refered to as Conundrum Pass in early records.",3810,3962,,,,12500-13000ft,,,"Aldridge, George","2019-01-02 14:02:25",RMBL0004281,112,urn:uuid:130332ff-919d-4b3a-bb88-2ad7646f2d80,https://www.soroherbaria.org/portal/collections/individual/index.php?occid=3030021
3030022,RMBL,,,PreservedSpecimen,70bddddc-7750-4cbf-970c-73f1d53e9695,RMBL0004280,,"Plantae|Magnoliophyta|Eudicots|Core Eudicots|Caryophyllales|Polygonaceae|Eriogonum",Plantae,Magnoliophyta,,Caryophyllales,Polygonaceae,"Eriogonum coloradense",83090,Small,Eriogonum,,coloradense,,,Species,"Shubert, Moras L.",1956,,,,,,"Shubert, Moras L.",,56-78,1956-07-15,1956,7,15,197,,,"Label: Plants of the Gunnison Basin.","Loose soil, wind saddle at head of basin, elevation over 12000ft.",,,,,,,,,,,Flower,,,,,,,"United States",Colorado,Gunnison,,"Saddle at head of Virginia Basin.",,,,38.984772,-106.970217,WGS84,300,,"C.F. Williams",,GeoLocate,,"Elevation at saddle is 12300ft.",3660,,,,,12300ft.,,,"Aldridge, George","2018-10-07 13:23:05",RMBL0004280,112,urn:uuid:70bddddc-7750-4cbf-970c-73f1d53e9695,https://www.soroherbaria.org/portal/collections/individual/index.php?occid=3030022
3030023,RMBL,,,PreservedSpecimen,99eab634-d2bb-410c-a491-dd0e9ccb76ae,RMBL0004277,,"Plantae|Magnoliophyta|Eudicots|Core Eudicots|Caryophyllales|Polygonaceae|Eriogonum",Plantae,Magnoliophyta,,Caryophyllales,Polygonaceae,"Eriogonum coloradense",83090,Small,Eriogonum,,coloradense,,,Species,"Buck, Paul",1978,,,,,,"Buck, Paul",,1090,1978-08-06,1978,8,6,218,,,"Label: Herbarium of University of Tulsa.","Talus slope.",,,,,,,,,,"with Senecio and Claytonia.",Flower,,,,,,,"United States",Colorado,Gunnison,,"[North] slope of Mount Bellview, in upper East River Valley.",,,,39.018731,-107.021501,WGS84,500,,"C.F. Williams",,GeoLocate,,"Bellview Mountain [sic] is nearby shoulder of Maroon Peak.",3597,,,,,11800ft.,,,"Aldridge, George","2018-10-07 13:23:05",RMBL0004277,112,urn:uuid:99eab634-d2bb-410c-a491-dd0e9ccb76ae,https://www.soroherbaria.org/portal/collections/individual/index.php?occid=3030023
3030024,RMBL,,,PreservedSpecimen,62f717c0-f3b5-4149-8ffb-b8f1689b5f38,RMBL0004278,,"Plantae|Magnoliophyta|Eudicots|Core Eudicots|Caryophyllales|Polygonaceae|Eriogonum",Plantae,Magnoliophyta,,Caryophyllales,Polygonaceae,"Eriogonum coloradense",83090,Small,Eriogonum,,coloradense,,,Species,"Shepherd, William M.",1958,,,,,,"Shepherd, William M.",,s.n.,1958-07-03,1958,7,3,184,,,,"Above timberline.",,,,,,,,,,,Flower,,,,,,,"United States",Colorado,Gunnison,,"Mount Bellview, near Gothic.",,,,39.016101,-107.016713,WGS84,750,,"C.F. Williams",,GeoLocate,,"Bellview Mountain [sic] is nearby shoulder of Maroon Peak.",3353,3816,,,,11000-12519ft,,,"Aldridge, George","2018-10-07 13:23:05",RMBL0004278,112,urn:uuid:62f717c0-f3b5-4149-8ffb-b8f1689b5f38,https://www.soroherbaria.org/portal/collections/individual/index.php?occid=3030024
3039369,DBG,KHD,,PreservedSpecimen,57ba2bdb-2892-4b6e-85cf-86b18cb79fad,KHD00039106,17313,"Plantae|Magnoliophyta|Eudicots|Core Eudicots|Caryophyllales|Polygonaceae|Eriogonum",Plantae,Magnoliophyta,,Caryophyllales,POLYGONACEAE,"Eriogonum coloradense",83090,Small,Eriogonum,,coloradense,,,Species,,,,,,,,"Loraine Yeatts",,234,1982-08-10,1982,8,10,222,,,"Originally ID'd as Eriogonum coloradense. Annotated to E. coloradense on 23 Nov. 2010 by Bill Jennings and Loraine Yeatts.","On gravelly S facing outcrop",,,,,,,,,,,,,,,,,,USA,Colorado,Pitkin,,"On pass between Capitol Peak and Mount Daly",,,,39.163942,-107.071337,,5000,"13N 0321046E 4337013N",,,"Terrain Navigator",,"Certainty code: 5",3810,,,,,"12500 FT",,,,"2018-04-10 12:54:01",KHD17313,113,urn:uuid:57ba2bdb-2892-4b6e-85cf-86b18cb79fad,https://www.soroherbaria.org/portal/collections/individual/index.php?occid=3039369
3041351,DBG,KHD,,PreservedSpecimen,85506721-3fe9-4f3e-9d63-459508e6ae7e,KHD00039107,2161,"Plantae|Magnoliophyta|Eudicots|Core Eudicots|Caryophyllales|Polygonaceae|Eriogonum",Plantae,Magnoliophyta,,Caryophyllales,POLYGONACEAE,"Eriogonum coloradense",83090,Small,Eriogonum,,coloradense,,,Species,,,,,,,,"George W. Kelly",,1262,1948-07-05,1948,7,5,187,,,,,,,,,,,,,,,,,,,,,,USA,Colorado,,,"Trail to Cooper Lake, above Gothic",,,,38.973273,-106.956968,,5000,"13N 0330472E 4315632N",,,"Terrain Navigator",,"Certainty code: 5",3780,,,,,"12400 FT",,,,"2015-02-09 09:52:00",KHD2161,113,urn:uuid:85506721-3fe9-4f3e-9d63-459508e6ae7e,https://www.soroherbaria.org/portal/collections/individual/index.php?occid=3041351
3041751,DBG,KHD,,PreservedSpecimen,091ab992-3ab5-47bd-a2cc-71a863c6926c,KHD00039105,2255,"Plantae|Magnoliophyta|Eudicots|Core Eudicots|Caryophyllales|Polygonaceae|Eriogonum",Plantae,Magnoliophyta,,Caryophyllales,Polygonaceae,"Eriogonum coloradense",83090,Small,Eriogonum,,coloradense,,,Species,"Bill Jennings, Loraine Yeatts","23 Nov 2010",,"Needs further study! This specimen is lower in altitude than typical. It has the bicolored leaf pubescence of E. coloradense, the stem pubescence (altho somewhat sparse) of E. pauciflorum or E. brandegeei and the erect habit of E. brandegeei. It does not appear to be densely matted. Based on geography it is not likely E. pauciflorum.",,cf,,"John B. Hartwell","C. William T. Penland",292,1935-07-28,1935,7,28,209,,,,"Open, dry clay",,,,,,,,,,,,,,,,,,USA,Colorado,Park,,"6 miles N of Fairplay",,0,,39.310473,-106.003469,,5000,"13N 0413488E 4351711N",,,"Terrain Navigator",,"Certainty code: 5",2926,,,,,"9600 FT",,,,"2018-04-10 12:54:01",KHD2255,113,urn:uuid:091ab992-3ab5-47bd-a2cc-71a863c6926c,https://www.soroherbaria.org/portal/collections/individual/index.php?occid=3041751
3051047,DBG,KHD,,PreservedSpecimen,37ee5877-708f-4c26-93c5-2f002730f31f,KHD00039108,3729,"Plantae|Magnoliophyta|Eudicots|Core Eudicots|Caryophyllales|Polygonaceae|Eriogonum",Plantae,Magnoliophyta,,Caryophyllales,Polygonaceae,"Eriogonum coloradense",83090,Small,Eriogonum,,coloradense,,,Species,"James Reveal","20 Sep 2013",,"Acc #: 3729",,,,"Loraine Yeatts",,270,1982-08-12,1982,8,12,224,,,"Originally ID'd as Eriogonum coloradense. Annotated to E. coloradense on 23 Nov. 2010 by Bill Jennings and Loraine Yeatts.","Growing in granite scree above timberline, one localised patch of shruby plants.",,"Growing in mounds 2' in diameter and up to 1' high.",,,,,,,,,,,,,,,,USA,Colorado,Pitkin,,"Capitol Peak",,0,,39.148414,-107.081642,,5000,"13N 0320116E 4335310N",,,"Terrain Navigator",,"Certainty code: 5",3810,,,,,"12500 FT",,,,"2018-04-10 12:54:01",KHD3729,113,urn:uuid:37ee5877-708f-4c26-93c5-2f002730f31f,https://www.soroherbaria.org/portal/collections/individual/index.php?occid=3051047
3231156,WSC,,,PreservedSpecimen,8cfbd54a-77cf-4401-af02-f93b2d03e46a,WSC0003417,,"Plantae|Magnoliophyta|Eudicots|Core Eudicots|Caryophyllales|Polygonaceae|Eriogonum",Plantae,Magnoliophyta,,Caryophyllales,Polygonaceae,"Eriogonum coloradense",83090,Small,Eriogonum,,coloradense,,,Species,"W.A. Weber",,,,,,,"David Bathke",,569,1967-07-24,1967,7,24,205,,7/24/67,"Western State College Herbarium; Flora of Gunnison County, Colorado; M. A. Voucher; Thesis Voucher.","Krummholz, dry meadow.","In fine gravel and rocks.",,,,,,,,,,,,,,,,,USA,Colorado,Gunnison,,"Robinson Basin, 30 miles N of Gunnison, 8 miles W of Crested Butte, 2 miles N of Kebler Pass; exposure and slope E 25°.",,0,,38.899436,-107.107076,WGS84,805,,"Alexander Henrie","SoRo; Biogeomancer Guide to Best Practices in Georeferencing",GEOLocate,"reviewed - high confidence","Georeferenced to Robinson Basin (as identified by USGS Topo) ca 7 air miles WNW of Crested Butte with uncertainty radius extending 0.5 miles or ca 805 meters.",3444,,,,,"11300 feet",,,avieder,"2021-04-29 00:00:00",,118,urn:uuid:8cfbd54a-77cf-4401-af02-f93b2d03e46a,https://www.soroherbaria.org/portal/collections/individual/index.php?occid=3231156
3234655,WSC,,,PreservedSpecimen,26d9a4d4-2545-4db1-b808-a048c2a30cec,WSC0008889,,"Plantae|Magnoliophyta|Eudicots|Core Eudicots|Caryophyllales|Polygonaceae|Eriogonum",Plantae,Magnoliophyta,,Caryophyllales,Polygonaceae,"Eriogonum coloradense",83090,Small,Eriogonum,,coloradense,,,Species,,,,,,,,"Kevin J. Taylor",,4357,1997-08-05,1997,8,5,217,,8/5/1997,,,,,,,,,,,,,,,,,,,,USA,Colorado,Gunnison,,"Northern Gunnison Basin: Avery Mountain, ca 1.5 air mi NNE of Gothic. N1/2 S27. Dry tundra of summit ridge.",,,,38.986419,-106.973493,WGS84,160,"T12S R86W S27","Michael Yost (2018-03-02 18:18:02)","GBIF Best Practices","georef batch tool 2018-03-02; GeoLocate","reviewed - high confidence","Georeferenced to Avery Peak as identified by USGS Topo map, with uncertainty radius extending 0.1 miles or ca 160 meters.",3566,3795,,,,"11,700-12,450 ft.",,,preprocessed,"2018-03-02 00:00:00",,118,urn:uuid:26d9a4d4-2545-4db1-b808-a048c2a30cec,https://www.soroherbaria.org/portal/collections/individual/index.php?occid=3234655
3382975,RMBL,,,PreservedSpecimen,7143aefd-a886-42fc-b6d5-22b870c654c2,RMBL0010164,,"Plantae|Magnoliophyta|Eudicots|Core Eudicots|Caryophyllales|Polygonaceae|Eriogonum",Plantae,Magnoliophyta,,Caryophyllales,Polygonaceae,"Eriogonum coloradense",83090,Small,Eriogonum,,coloradense,,,Species,"Williams, Charles F.",2012,"Colorado Flora 4th ed., USDA-Plants",,,,,"Williams, Charles F.",,841,2012-08-04,2012,8,4,217,,,,"Plants growing from cracks in bare, vertical rock or very shallow, gravel soil on small ledges. A patch of several plants at 1/3 height and a few scattered in the gully all the way to the summit. In loose soil on ledges and slabs.",,"""Uncommon, scattered. """,,,,,,,,,Flower,,0,,,,,"United States",Colorado,Gunnison,,"East Face of Gothic Mountain. Gully above Old Maid Snowfield, trending N (right) to summit. About 1/3 way up gully above Old Maid.",,0,,38.95612,-107.00525,WGS84,50,"38.95612° -107.00525° [WGS84] ± 50 m. <estimate>; TRS: T13S R86W sec 4 NE 1/4",,<estimate>,GEOLocate,,,3536,3597,,,,"Elev.: 11600-11800 ft./ 3536-3597 m.",,,willcha2,"2018-10-07 13:56:36",,112,urn:uuid:7143aefd-a886-42fc-b6d5-22b870c654c2,https://www.soroherbaria.org/portal/collections/individual/index.php?occid=3382975
3382977,RMBL,,,PreservedSpecimen,5926df0c-f565-4d0d-87ed-5d66d87bf6e4,RMBL0010166,,"Plantae|Magnoliophyta|Eudicots|Core Eudicots|Caryophyllales|Polygonaceae|Eriogonum",Plantae,Magnoliophyta,,Caryophyllales,Polygonaceae,"Eriogonum coloradense",83090,Small,Eriogonum,,coloradense,,,Species,"Williams, Charles F.",2012,"Colorado Flora 4th ed., USDA-Plants",,,,,"Williams, Charles F.",,843,2012-08-04,2012,8,4,217,,,,"Plants very abundant growing in loose, red clay soil and rocks.",,Uncommon.,,,,,,,,,Flower,,0,,,,,"United States",Colorado,Gunnison,Gothic,"East Face of Gothic Mountain. Gully above Old Maid Snowfield, trending N (right) to summit. Upper East Face, just below ridge and red slab below summit.",,0,,38.95612,-107.00525,WGS84,50,"38.95612° -107.00525° [WGS84] ± 50 m. <estimate>; TRS: T13S R86W sec 4 NE 1/4",,<estimate>,GEOLocate,,,3749,,,,,"Elev.: 12300 ft./ 3749 m.",,,willcha2,"2018-10-07 14:02:10",,112,urn:uuid:5926df0c-f565-4d0d-87ed-5d66d87bf6e4,https://www.soroherbaria.org/portal/collections/individual/index.php?occid=3382977
3408985,RMBL,,,PreservedSpecimen,af8626a3-01af-44aa-9aba-c74d9e87131f,RMBL0010200,,"Plantae|Magnoliophyta|Eudicots|Core Eudicots|Caryophyllales|Polygonaceae|Eriogonum",Plantae,Magnoliophyta,,Caryophyllales,Polygonaceae,"Eriogonum coloradense",83090,Small,Eriogonum,,coloradense,,,Species,"Zorio, Stephanie D.",2013,"Colorado Flora, 4th ed.",,,,,"Zorio, Stephanie D.",,10,2012-07-20,2012,7,20,202,,,,"Rocky habitat.",,,,,,,,,,"Found with small Picea engelmannii, Potentilla sp., E. umbellatum, Aquilegia saximontana.",Flower,,0,,,,,"United States",Colorado,Gunnison,,"Gothic. Rocky Mountain Biological Laboratory. Approx. 2 mi. past large house on the 401 trail following fence line until end of jeep trail. Found on exposed SW facing slope on Avery Mt. near top of western ridge.",,0,,38.98517,-106.983,"WGS 84",3,,"Zorio, Stephanie D.",GPS,GPS,,,3585,,,,,"11762 ft.",,,willcha2,"2018-10-07 13:24:26",,112,urn:uuid:af8626a3-01af-44aa-9aba-c74d9e87131f,https://www.soroherbaria.org/portal/collections/individual/index.php?occid=3408985
3408987,RMBL,,,PreservedSpecimen,545aed8a-a75c-45e2-a4cf-287a0aa334a6,RMBL0010201,,"Plantae|Magnoliophyta|Eudicots|Core Eudicots|Caryophyllales|Polygonaceae|Eriogonum",Plantae,Magnoliophyta,,Caryophyllales,Polygonaceae,"Eriogonum coloradense",83090,Small,Eriogonum,,coloradense,,,Species,"Zorio, Stephanie D.",2013,"Colorado Flora, 4th ed.",,,,,"Zorio, Stephanie D.",,17,2012-07-21,2012,7,21,203,,,,"Very exposed and windy, mostly scree and talus.",,Abundant.,,,,,,,,"Found with Potentilla sp., E. umbellatum, Aquilegia saximontana, Dryas sp..",Flower,,0,,,,,"United States",Colorado,Gunnison,,"Gothic. Rocky Mountain Biological Laboratory. Summit of Red Rock Mountain. Approx. 2 mi. from Gothic.",,0,,38.96712,-106.95229,WGS84,3,,"Zorio, Stephanie D.",GPS,GPS,,,3782,,,,,"12408 ft.",,,willcha2,"2018-10-07 13:24:26",,112,urn:uuid:545aed8a-a75c-45e2-a4cf-287a0aa334a6,https://www.soroherbaria.org/portal/collections/individual/index.php?occid=3408987
3409000,RMBL,,,PreservedSpecimen,346cdb71-c304-40ab-b472-c17b4c0e6229,RMBL0010208,,"Plantae|Magnoliophyta|Eudicots|Core Eudicots|Caryophyllales|Polygonaceae|Eriogonum",Plantae,Magnoliophyta,,Caryophyllales,Polygonaceae,"Eriogonum coloradense",83090,Small,Eriogonum,,coloradense,,,Species,"Zorio, Stephanie D.",2013,"Colorado Flora, 4th ed.",,,,,"Zorio, Stephanie D.",,29a,2012-08-01,2012,8,1,214,,,,"Large cobble and sediment.",,,,,,,,,,"Large cobble and sediment. Found with Vaccinium sp., Amelanchier sp., Potentilla sp., Senecio sp., A. millefolium, E. Large cobble and sediment. Found with Vaccinium sp., Amelanchier sp., Potentilla sp., Senecio sp., A. millefolium, E. umbellatum. Large cobble and sediment. Found with Vaccinium sp., Amelanchier sp., Potentilla sp., Senecio sp., A. millefolium, E. umbellatum. Found with Vaccinium sp., Amelanchier sp., Potentilla sp., Senecio sp., A. millefolium, E. umbellatum.",Flower,,0,,,,,"United States",Colorado,Gunnison,,"Gothic. Rocky Mountain Biological Laboratory. Far left on east face of Gothic Mt. Above snowpack and Spruce/Juniper area.",,0,,38.95377,-107.00371,"WGS 84",3,,"Zorio, Stephanie D.",GPS,GPS,,,3374,,,,,"11071 ft.",,,willcha2,"2018-10-07 13:24:26",,112,urn:uuid:346cdb71-c304-40ab-b472-c17b4c0e6229,https://www.soroherbaria.org/portal/collections/individual/index.php?occid=3409000
3409001,RMBL,,,PreservedSpecimen,318435bf-f5f5-4a18-91a6-34bdc08dedd0,RMBL0010209,,"Plantae|Magnoliophyta|Eudicots|Core Eudicots|Caryophyllales|Polygonaceae|Eriogonum",Plantae,Magnoliophyta,,Caryophyllales,Polygonaceae,"Eriogonum coloradense",83090,Small,Eriogonum,,coloradense,,,Species,"Zorio, Stephanie D.",2013,"Colorado Flora, 4th ed.",,,,,"Zorio, Stephanie D.",,29b,2012-08-01,2012,8,1,214,,,,"Large cobble and sediment.",,,,,,,,,,"Large cobble and sediment. Found with Vaccinium sp., Amelanchier sp., Potentilla sp., Senecio sp., A. millefolium, E. Large cobble and sediment. Found with Vaccinium sp., Amelanchier sp., Potentilla sp., Senecio sp., A. millefolium, E. umbellatum. Large cobble and sediment. Found with Vaccinium sp., Amelanchier sp., Potentilla sp., Senecio sp., A. millefolium, E. umbellatum. Found with Vaccinium sp., Amelanchier sp., Potentilla sp., Senecio sp., A. millefolium, E. umbellatum.",Flower,,0,,,,,"United States",Colorado,Gunnison,,"Gothic. Rocky Mountain Biological Laboratory. Far left on east face of Gothic Mt. Above snowpack and Spruce/Juniper area.",,0,,38.95377,-107.00371,"WGS 84",3,,"Zorio, Stephanie D.",GPS,GPS,,,3374,,,,,"11071 ft.",,,willcha2,"2018-10-07 13:24:26",,112,urn:uuid:318435bf-f5f5-4a18-91a6-34bdc08dedd0,https://www.soroherbaria.org/portal/collections/individual/index.php?occid=3409001
3413388,"Utah State University",UTC,,PreservedSpecimen,a6fc6d34-56e9-427d-a845-be5dfc521a4f,UTC00265631,,"Plantae|Magnoliophyta|Eudicots|Core Eudicots|Caryophyllales|Polygonaceae|Eriogonum",Plantae,Magnoliophyta,,Caryophyllales,Polygonaceae,"Eriogonum coloradense",83090,Small,Eriogonum,,coloradense,,,Species,"Charles F. Williams",2010,,,,,,"Charles F. Williams",,2010-0308,2010-08-07,2010,8,7,219,,,,"Talus and scree slopes above treeline. On ridge",,"Rounds heads with pink and while flowers. Relatively common. Full bloom",,,,,,,,,Flowering,,0,,,,,"United States",Colorado,Gunnison,,"Gothic Rocky Mountain Biological Laboratory, from Research Meadow up West Ridge of Red Rock Peak (Mt. Harrison). From upper saddle to true summit along SW ridge",,0,,38.96131,-106.95718,WGS84,100,,,,,,,3459,3853,,,,11350-12640ft,,,galanhenderson,"2016-11-30 11:49:51",,16,urn:uuid:a6fc6d34-56e9-427d-a845-be5dfc521a4f,https://www.soroherbaria.org/portal/collections/individual/index.php?occid=3413388
4584573,RMBL,,,PreservedSpecimen,00da5de3-e122-4753-af3a-c86205e1282e,RMBL0010378,,"Plantae|Magnoliophyta|Eudicots|Core Eudicots|Caryophyllales|Polygonaceae|Eriogonum",Plantae,Magnoliophyta,,Caryophyllales,Polygonaceae,"Eriogonum coloradense",83090,Small,Eriogonum,,coloradense,,,Species,"Williams, Charles F.",2013-07-21,"Colorado Flora 4th ed.",,,,,"Williams, Charles F.",,991,2013-07-21,2013,7,21,202,,,,"Rocky, tundra site near head of Long Valley, below saddle.",,"Full bloom. Very abundant on open/bare soil areas from upper basin to saddle & ridges/summits of mammaries. Also v. abundant on bare soil on saddle at head of Virginia Basin.",,,,,,,,"Abundant Dryas octapetala and dwarf Salix, with much bare, red sandy soil and gravel. Turf of tightly bunched sedges.",Flower,,0,,,,,"United States",Colorado,Gunnison,,"Gothic. Rocky Mountain Biological Laboratory. ""Long Valley"" just N of NW ridge of Avery Peak. From Avery Mine to saddle at head of valley.",,0,,38.995098,-106.97348,WGS84,1000,,"Williams, Charles F.",,Geolocate,,,3609,,,,,"11840 ft.",,,willcha2,"2018-10-07 13:23:05",,112,urn:uuid:00da5de3-e122-4753-af3a-c86205e1282e,https://www.soroherbaria.org/portal/collections/individual/index.php?occid=4584573
4584597,RMBL,,,PreservedSpecimen,3302c894-a995-4ebd-99b0-2348b206f4a2,RMBL0010397,,"Plantae|Magnoliophyta|Eudicots|Core Eudicots|Caryophyllales|Polygonaceae|Eriogonum",Plantae,Magnoliophyta,,Caryophyllales,Polygonaceae,"Eriogonum coloradense",83090,Small,Eriogonum,,coloradense,,,Species,"Williams, Charles F.",2013-07-21,"Colorado Flora 4th ed.",,,,,"Williams, Charles F.",,1016,2013-07-21,2013,7,21,202,,,,"Meadow and bare, clay soils.",,"Very common in bare areas and decomposing sandstone at saddle. In flower.",,,,,,,,,Flower,,0,,,,,"United States",Colorado,Gunnison,,"Gothic. Rocky Mountain Biological Laboratory. Saddle at head of Virginia Basin and upper trail into S side of basin.",,0,,38.9858,-106.969,WGS84,250,,"Williams, Charles F.",,GeoLocate,,,3747,,,,,"12292 ft.",,,willcha2,"2018-10-07 13:23:05",,112,urn:uuid:3302c894-a995-4ebd-99b0-2348b206f4a2,https://www.soroherbaria.org/portal/collections/individual/index.php?occid=4584597
4584816,RMBL,,,PreservedSpecimen,1e2d0e99-a6b7-46fd-864c-2e16e41889a1,RMBL0010457,,"Plantae|Magnoliophyta|Eudicots|Core Eudicots|Caryophyllales|Polygonaceae|Eriogonum",Plantae,Magnoliophyta,,Caryophyllales,Polygonaceae,"Eriogonum coloradense",83090,Small,Eriogonum,,coloradense,,,Species,"Williams, Charles F.",2013-08-10,"Colorado Flora 4th ed.",,,,,"Williams, Charles F.",,1100,2013-08-10,2013,8,10,222,,,,"Grassy tundra with tussocks and swales.",,"Common along ridge between two white bands, in bare soil areas. Full bloom.",,,,,,,,,Flower,,0,,,,,"United States",Colorado,Gunnison,,"Gothic. Rocky Mountain Biological Laboratory. Crystal Peak above North Pole Basin. Grassy ridge and swales below lower white band down to low saddle between North Pole and Bear Basins.",,0,,39.027359,-107.090947,WGS84,250,,"Williams, Charles F.",,GPS,,,3688,3740,,,,"12100-12270 ft.",,,willcha2,"2018-10-07 13:23:05",,112,urn:uuid:1e2d0e99-a6b7-46fd-864c-2e16e41889a1,https://www.soroherbaria.org/portal/collections/individual/index.php?occid=4584816
4835148,RM,,RM,PreservedSpecimen,,,,"Plantae|Magnoliophyta|Eudicots|Core Eudicots|Caryophyllales|Polygonaceae|Eriogonum",Plantae,Magnoliophyta,,Caryophyllales,Polygonaceae,"Eriogonum coloradense",83090,Small,Eriogonum,,coloradense,,,Species,,,,,,,,"Lori E. Brummer",,6542,2011-08-02,2011,8,2,214,,2011-8-2,,"Upper subalpine meadow on south-facing slope.",,,,,,,,,,,flowering,,,,,,,U.S.A.,Colorado,Gunnison,,"West Elk Mountains: Ruby Range: White River National Forest: Cinnamon Mountain, from Paradise Divide Road to summit, ca 9 3/4 air mi NW of Crested Butte.",,,,38.9911,-107.0657,"NAD 83",,"38.9911° N, 107.0657° W; NAD 83, , GPS reading; T12S R87W S23 E1/2",,,"GPS reading",,,3451,3748,,,,"11320-12293 ft.",,English,,"2014-06-17 11:27:30",RM-828173,50,urn:uuid:9a6a27ce-0217-4514-96be-778a95ffaf67,https://www.soroherbaria.org/portal/collections/individual/index.php?occid=4835148
4835531,USFS,,USFS,PreservedSpecimen,,898933,"Barcode: USFS0060526","Plantae|Magnoliophyta|Eudicots|Core Eudicots|Caryophyllales|Polygonaceae|Eriogonum",Plantae,Magnoliophyta,,Caryophyllales,Polygonaceae,"Eriogonum coloradense",83090,Small,Eriogonum,,coloradense,,,Species,,,,,,,,"Lori E. Brummer",,7430,2011-08-19,2011,8,19,231,,2011-8-19,,"Alpine meadow.",,,,,,,,,,,flowering,,,,,,,U.S.A.,Colorado,Gunnison,,"Elk Mountains: White River National Forest: Maroon Bells-Snowmass Wilderness: Hasley Basin Trail from East Fork Trail, ca 13 3/4 air mi NNW of Crested Butte.",,,,39.0483,-107.0372,"NAD 83",,"39.0483° N, 107.0372° W to 39.0395° N, 107.02419° W; NAD 83, , GPS reading; T11S R86W S31; also T12S R86W S6 NE1/4",,,"GPS reading",,,3396,3689,,,,"11140-12100 ft.",,English,,"2014-06-19 02:00:49",RM-828556,50,urn:uuid:af29865d-e379-4979-a499-2caf3cef8c8c,https://www.soroherbaria.org/portal/collections/individual/index.php?occid=4835531
4839371,RM,,RM,PreservedSpecimen,,,,"Plantae|Magnoliophyta|Eudicots|Core Eudicots|Caryophyllales|Polygonaceae|Eriogonum",Plantae,Magnoliophyta,,Caryophyllales,Polygonaceae,"Eriogonum coloradense",83090,Small,Eriogonum,,coloradense,,,Species,,,,,,,,"Michael K. Kirkpatrick",,8543,2011-08-09,2011,8,9,221,,2011-8-9,,"Alpine ridge with exposed siltstone, granite cliffs, and talus slopes.",,,,,,,,,,,flowering,,,,,,,U.S.A.,Colorado,Pitkin,,"Elk Mountains: White River National Forest: Maroon Bells-Snowmass Wilderness: ridge and slopes NW of Mt. Daly and Capitol Peak, E of Capitol Creek, ca 13 air mi W of Aspen.",,,,39.1801,-107.0743,"NAD 83",,"39.1801° N, 107.0743° W to 39.1851° N, 107.0754° W; NAD 83, , GPS reading; T10S R87W S14 SW1/4 SE1/4; also NW1/4 NE1/4 S23",,,"GPS reading",,,3579,3768,,,,"11740-12360 ft.",,English,,"2014-06-17 11:27:38",RM-832394,50,urn:uuid:77ba4dd1-d400-4560-9ec3-53b25e9e43f3,https://www.soroherbaria.org/portal/collections/individual/index.php?occid=4839371
4839522,RM,,RM,PreservedSpecimen,,,,"Plantae|Magnoliophyta|Eudicots|Core Eudicots|Caryophyllales|Polygonaceae|Eriogonum",Plantae,Magnoliophyta,,Caryophyllales,Polygonaceae,"Eriogonum coloradense",83090,Small,Eriogonum,,coloradense,,,Species,,,,,,,,"Michael K. Kirkpatrick",,8694,2011-08-12,2011,8,12,224,,2011-8-12,,"Alpine meadow, talus slope, and rock crevices.",,,,,,,,,,,flowering,,,,,,,U.S.A.,Colorado,Gunnison,,"Elk Mountains: White River National Forest: Maroon Bells-Snowmass Wilderness: Avalanche Pass, NE of Mt. Daly, ca 4 air mi NE of Marble.",,,,39.1135,-107.1468,"NAD 83",,"39.1135° N, 107.1468° W to 39.1073° N, 107.141° W; NAD 83, , GPS reading; T11S R87W S7 E1/2",,,"GPS reading",,,3659,3720,,,,"12000-12200 ft.",,English,,"2014-06-17 11:27:39",RM-832545,50,urn:uuid:734bce6f-9fa1-48fe-9495-9c8cfcb4b0e2,https://www.soroherbaria.org/portal/collections/individual/index.php?occid=4839522
4851471,USFS,,USFS,PreservedSpecimen,,USFS0061164,,"Plantae|Magnoliophyta|Eudicots|Core Eudicots|Caryophyllales|Polygonaceae|Eriogonum",Plantae,Magnoliophyta,,Caryophyllales,Polygonaceae,"Eriogonum coloradense",83090,Small,Eriogonum,,coloradense,,,Species,,,,,,,,"Lori E. Brummer",,6542,2011-08-02,2011,8,2,214,,2011-8-2,,"Upper subalpine meadow on south-facing slope.",,,,,,,,,,,flowering,,,,,,,U.S.A.,Colorado,Gunnison,,"West Elk Mountains: Ruby Range: White River National Forest: Cinnamon Mountain, from Paradise Divide Road to summit, ca 9 3/4 air mi NW of Crested Butte.",,,,38.9911,-107.0657,"NAD 83",,"38.9911° N, 107.0657° W; NAD 83, , GPS reading; T12S R87W S23 E1/2",,,"GPS reading",,,3451,3748,,,,"11320-12293 ft.",,English,,"2014-06-19 02:01:00",RM-870903,50,urn:uuid:d3eebb39-a1a3-4411-92c7-6c7288be1d99,https://www.soroherbaria.org/portal/collections/individual/index.php?occid=4851471
6332194,ASU,Plants,,PreservedSpecimen,67fa55ac-ec75-487f-af93-d75692fe73b6,ASU0121772,11143,"Plantae|Magnoliophyta|Eudicots|Core Eudicots|Caryophyllales|Polygonaceae|Eriogonum",Plantae,Magnoliophyta,,Caryophyllales,Polygonaceae,"Eriogonum coloradense",83090,Small,Eriogonum,,coloradense,,,Species,"James L. Reveal",1968,,,,,,"N. H. Russell",,4.4,1960-07-04,1960,7,4,186,,,,"Steep, open, rocky southwest-facing slope.",,,,,,,,,,,"flowering and fruiting",,,,,,,"United States",Colorado,Gunnison,,"Upper Virginia Basin, 6 mi NNE of Gothic; 14 mi NE of Crested Butte.",,0,,39.022228,-106.978235,WGS84,2500,,,,GeoLocate,,,3506,,,,,"11500 ft.",,,waltola64,"2019-04-02 08:49:06",,1,urn:uuid:67fa55ac-ec75-487f-af93-d75692fe73b6,https://www.soroherbaria.org/portal/collections/individual/index.php?occid=6332194
6332196,ASU,Plants,,PreservedSpecimen,77ec7b79-e83e-4c28-b227-7a7fda406e8f,ASU0121771,11142,"Plantae|Magnoliophyta|Eudicots|Core Eudicots|Caryophyllales|Polygonaceae|Eriogonum",Plantae,Magnoliophyta,,Caryophyllales,Polygonaceae,"Eriogonum coloradense",83090,Small,Eriogonum,,coloradense,,,Species,"James L. Reveal",1968,,,,,,"Millicent Kalil",,s.n.,1960-08-01,1960,8,,,,,,,,,,,,,,,,,Flowering,,,,,,,USA,Colorado,Gunnison,,"Gothic area",,0,,38.960412,-106.995393,,800,,,,,,,2896,,,,,9500ft,,,waltola64,"2019-04-02 08:48:06",,1,urn:uuid:77ec7b79-e83e-4c28-b227-7a7fda406e8f,https://www.soroherbaria.org/portal/collections/individual/index.php?occid=6332196
6332197,ASU,Plants,,PreservedSpecimen,36dd3543-9116-4bfd-a8fa-0812a4491759,ASU0121773,11141,"Plantae|Magnoliophyta|Eudicots|Core Eudicots|Caryophyllales|Polygonaceae|Eriogonum",Plantae,Magnoliophyta,,Caryophyllales,Polygonaceae,"Eriogonum coloradense",83090,Small,Eriogonum,,coloradense,,,Species,"James L. Reveal",1968,,,,,,"N. H. Russell",,4.4,1960-07-04,1960,7,5,187,,,,"Steep, open, rocky southwest-facing slope.",,,,,,,,,,,"flowering and fruiting",,,,,,,"United States",Colorado,Gunnison,,"Upper Virginia Basin, 6 mi NNE of Gothic; 14 mi NE of Crested Butte.",,0,,39.022228,-106.978235,WGS84,2500,,,,GeoLocate,,,3506,,,,,"11500 ft.",,,waltola64,"2019-04-02 08:49:56",,1,urn:uuid:36dd3543-9116-4bfd-a8fa-0812a4491759,https://www.soroherbaria.org/portal/collections/individual/index.php?occid=6332197
6781462,DBG,KHD,,PreservedSpecimen,3d353352-b709-4c92-889d-c808e7cb1a1e,KHD00057673,,"Plantae|Magnoliophyta|Eudicots|Core Eudicots|Caryophyllales|Polygonaceae|Eriogonum",Plantae,Magnoliophyta,,Caryophyllales,Polygonaceae,"Eriogonum coloradense",83090,Small,Eriogonum,,coloradense,,,Species,,,,,,,,"Emily L. Hartman","Mary Lou Rottman",6172,1984-08-15,1984,8,15,228,,,"Mary Lou Rottman, 2443.","Talus slope.",,,,,,,,,,,,,,,,,,USA,Colorado,Gunnison,,"Abandoned road over Yule Pass, ca. 13 miles northwest of Crested Butte, Gunnison National Forest; Elk Mountains.",,0,,39.002849,-107.158982,WGS84,9425,,,,GeoLocate,,,3505,,,,,11500ft,"Permanent Loan at U.C. Denver",,pecenkaj,"2017-10-04 08:42:43",,113,urn:uuid:3d353352-b709-4c92-889d-c808e7cb1a1e,https://www.soroherbaria.org/portal/collections/individual/index.php?occid=6781462
8801747,RMBL,,,PreservedSpecimen,1f5bd96d-2713-4127-a96e-2cc40047cc64,RMBL0011196,,"Plantae|Magnoliophyta|Eudicots|Core Eudicots|Caryophyllales|Polygonaceae|Eriogonum",Plantae,Magnoliophyta,,Caryophyllales,Polygonaceae,"Eriogonum coloradense",83090,Small,Eriogonum,,coloradense,,,Species,"Zorio, Stephanie D.",2015-01-06,"Colorado Flora Western Slope 4th ed. (2012)",,,,,"Zorio, Stephanie D.",,348,2014-07-27,2014,7,27,208,,7/27/2014,,"Ridgeline. Patchy vegetation, low-growing plants. Endemic to the Basin. Usually found >11,500 ft.",,,,,,,,,,"Found with Potentilla gracilis, Noccea, Artemisia ludovicia, Androsace, , Erigeron glacialis, Salix artica.",Flower,,,,,,,"United States",Colorado,Gunnison,,"Gothic. Rocky Mountain Biological Laboratory. Top of Virginia Basin. Langenheim survey A34-B, 60m.",,,,38.983761,-106.967975,"WGS 84",9,"38.983761, -106.967975","Zorio, Stephanie D.",GPS,GPS,,,3769,,,,,"12364 ft.",,,,"2018-10-07 13:23:05",,112,urn:uuid:1f5bd96d-2713-4127-a96e-2cc40047cc64,https://www.soroherbaria.org/portal/collections/individual/index.php?occid=8801747
8801748,RMBL,,,PreservedSpecimen,9f856576-5e9d-48b8-b13d-16ad42fb0d5c,RMBL0011197,,"Plantae|Magnoliophyta|Eudicots|Core Eudicots|Caryophyllales|Polygonaceae|Eriogonum",Plantae,Magnoliophyta,,Caryophyllales,Polygonaceae,"Eriogonum coloradense",83090,Small,Eriogonum,,coloradense,,,Species,"Zorio, Stephanie D.",2015-01-06,"Colorado Flora Western Slope 4th ed. (2012)",,,,,"Zorio, Stephanie D.",,349,2014-07-27,2014,7,27,208,,7/27/2014,,"Ridgeline. Patchy vegetation, low-growing plants. Endemic to the Basin. Usually found >11,500 ft.",,,,,,,,,,"Found with Potentilla gracilis, Noccea, Artemisia ludovicia, Androsace, , Erigeron glacialis, Salix artica.",Flower,,,,,,,"United States",Colorado,Gunnison,,"Gothic. Rocky Mountain Biological Laboratory. Top of Virginia Basin. Langenheim survey A34-B, 90m.",,,,38.983519,-106.967844,"WGS 84",9,"38.983519, -106.967844","Zorio, Stephanie D.",GPS,GPS,,,3769,,,,,"12364 ft.",,,,"2018-10-07 13:23:05",,112,urn:uuid:9f856576-5e9d-48b8-b13d-16ad42fb0d5c,https://www.soroherbaria.org/portal/collections/individual/index.php?occid=8801748
8801749,RMBL,,,PreservedSpecimen,1ac2c991-f46e-49d1-8939-0ca0b857efc1,RMBL0011198,,"Plantae|Magnoliophyta|Eudicots|Core Eudicots|Caryophyllales|Polygonaceae|Eriogonum",Plantae,Magnoliophyta,,Caryophyllales,Polygonaceae,"Eriogonum coloradense",83090,Small,Eriogonum,,coloradense,,,Species,"Zorio, Stephanie D.",2015-01-06,"Colorado Flora Western Slope 4th ed. (2012)",,,,,"Zorio, Stephanie D.",,350,2014-07-27,2014,7,27,208,,7/27/2014,,"Ridgeline. Patchy vegetation, low-growing plants. Endemic to the Basin. Usually found >11,500 ft.",,,,,,,,,,"Found with Potentilla gracilis, Noccea, Artemisia ludovicia, Androsace, , Erigeron glacialis, Salix artica.",Flower,,,,,,,"United States",Colorado,Gunnison,,"Gothic. Rocky Mountain Biological Laboratory. Top of Virginia Basin. Langenheim survey A34-B, 90m.",,,,38.983519,-106.967844,"WGS 84",9,"38.983519, -106.967844","Zorio, Stephanie D.",GPS,GPS,,,3769,,,,,"12364 ft.",,,,"2018-10-07 13:23:05",,112,urn:uuid:1ac2c991-f46e-49d1-8939-0ca0b857efc1,https://www.soroherbaria.org/portal/collections/individual/index.php?occid=8801749
11091556,RMBL,,,PreservedSpecimen,c62bc2ab-9e20-46e6-89a4-b69d46dab634,RMBL0011722,,"Plantae|Magnoliophyta|Eudicots|Core Eudicots|Caryophyllales|Polygonaceae|Eriogonum",Plantae,Magnoliophyta,,Caryophyllales,Polygonaceae,"Eriogonum coloradense",83090,Small,Eriogonum,,coloradense,,,Species,"Williams, Charles F.",2016,"CO Flora W Slope, 4th ed.",,,,,"Gray, Michelle A.","Whitney, Kenneth",MAG230,2016-07-08,2016,7,8,190,,2016-7-8,,,,,,,,,,,,,Flower,,,,,,,"United States",Colorado,Gunnison,,"Ridge above Virginia Basin, Mt. Avery.",,,,38.98112,-106.9788,"WGS 84",15,,,,GPS,,,3663,,,,,,,,,"2018-10-07 13:23:05",,112,urn:uuid:c62bc2ab-9e20-46e6-89a4-b69d46dab634,https://www.soroherbaria.org/portal/collections/individual/index.php?occid=11091556
11091645,RMBL,,,PreservedSpecimen,bdd1e58b-e399-496b-ace8-09dac21e7fc8,RMBL0011809,,"Plantae|Magnoliophyta|Eudicots|Core Eudicots|Caryophyllales|Polygonaceae|Eriogonum",Plantae,Magnoliophyta,,Caryophyllales,Polygonaceae,"Eriogonum coloradense",83090,Small,Eriogonum,,coloradense,,,Species,"Williams, Charles F.",2016,"CO Flora W Slope, 4th ed.",,,,,"Gray, Michelle A.","Whitney, Kenneth",MAG321,2016-08-09,2016,8,9,222,,2016-8-9,,,,,,,,,,,,,Flower,,,,,,,"United States",Colorado,Gunnison,,"Ridge above Virginia Basin, Mt. Avery.",,,,38.985698,-106.976785,"WGS 84",15,,,,GPS,,,3861,,,,,,,,,"2018-10-07 13:23:05",,112,urn:uuid:bdd1e58b-e399-496b-ace8-09dac21e7fc8,https://www.soroherbaria.org/portal/collections/individual/index.php?occid=11091645
11468473,NO,"Vascular Plants",LSU(NO),PreservedSpecimen,c5af8404-6885-4c89-ba2a-96f828f1430b,NO0050117,s.n.,"Plantae|Magnoliophyta|Eudicots|Core Eudicots|Caryophyllales|Polygonaceae|Eriogonum",Plantae,Magnoliophyta,,Caryophyllales,Polygonaceae,"Eriogonum coloradense",83090,Small,Eriogonum,,coloradense,,,Species,,,,,,,,"Joseph Ewan",,11750,1938-08-26,1938,8,26,238,,,,,,,,,,,,,,,,,,,,,,"United States",Colorado,Gunnison,,,,0,,,,,,,,,,,,,,,,,,,,hdouget,"2018-02-06 01:49:13",,210,urn:uuid:c5af8404-6885-4c89-ba2a-96f828f1430b,https://www.soroherbaria.org/portal/collections/individual/index.php?occid=11468473
11468475,NO,"Vascular Plants",LSU(NO),PreservedSpecimen,d28f4734-e74d-4c04-98c1-5986ed2311cd,NO0050118,s.n.,"Plantae|Magnoliophyta|Eudicots|Core Eudicots|Caryophyllales|Polygonaceae|Eriogonum",Plantae,Magnoliophyta,,Caryophyllales,Polygonaceae,"Eriogonum coloradense",83090,Small,Eriogonum,,coloradense,,,Species,,,,,,,,"Joseph Ewan",,11757,1938-08-26,1938,8,26,238,,,,,,,,,,,,,,,,,,,,,,"United States",Colorado,Gunnison,,,,0,,,,,,,,,,,,,,,,,,,,hdouget,"2018-02-06 01:49:13",,210,urn:uuid:d28f4734-e74d-4c04-98c1-5986ed2311cd,https://www.soroherbaria.org/portal/collections/individual/index.php?occid=11468475
12656128,TENN,,,PreservedSpecimen,009bdd29-6835-4a00-8022-2c3a575b34f3,TENN-V-0086546,,"Plantae|Magnoliophyta|Eudicots|Core Eudicots|Caryophyllales|Polygonaceae|Eriogonum",Plantae,Magnoliophyta,,Caryophyllales,Polygonaceae,"Eriogonum coloradense",83090,Small,Eriogonum,,coloradense,,,Species,,,,,,,,,,,,,,,,,,,,,,,,,,,,,,,,,,,,,"United States",Colorado,Gunnison,,,,,,,,,,,,,,,,,,,,,,,en,jcain0711,"2017-01-04 10:48:46",,312,urn:uuid:009bdd29-6835-4a00-8022-2c3a575b34f3,https://www.soroherbaria.org/portal/collections/individual/index.php?occid=12656128
12983072,RM,,,PreservedSpecimen,,719290,,"Plantae|Magnoliophyta|Eudicots|Core Eudicots|Caryophyllales|Polygonaceae|Eriogonum",Plantae,Magnoliophyta,,Caryophyllales,Polygonaceae,"Eriogonum coloradense",83090,Small,Eriogonum,,coloradense,,,Species,,,,,,,,"Kevin J. Taylor",,4357,1997-08-05,1997,8,5,217,,1997-8-5,,"Dry tundra of summit ridge.",,,,,,,,,,,flowering,,,,,,,U.S.A.,Colorado,Gunnison,,"Northern Gunnison Basin: Avery Mountain, ca 1.5 air mi NNE of Gothic.",,,,38.9776,-106.9898,,,"38.9776° N, 106.9898° W; T12S R86W S27 N1/2",,,,,,3567,3796,,,,"11700-12450 ft.",,English,,"2009-03-23 18:01:33",RM-234340,50,urn:uuid:c9e35952-a1e1-43f7-87a6-4162c37e0685,https://www.soroherbaria.org/portal/collections/individual/index.php?occid=12983072
13357679,RMBL,,,PreservedSpecimen,8bc48e72-4c89-4ac8-9244-3dd0a95a4429,RMBL0011928,,"Plantae|Magnoliophyta|Eudicots|Core Eudicots|Caryophyllales|Polygonaceae|Eriogonum",Plantae,Magnoliophyta,,Caryophyllales,Polygonaceae,"Eriogonum coloradense",83090,Small,Eriogonum,,coloradense,,,Species,"Williams, Charles F.",2016,"Colorado Flora W Slope, 4th ed.",,,,,"Williams, Charles F.",,1902,2016-07-16,2016,7,16,198,,2016-7-16,,,,,,,,,,,,,Flower,,,,,,,"United States",Colorado,Gunnison,,"Gothic. Rocky Mountain Biological Laboratory. Ridge from Red Rock to saddle below White Rock Mtn., above Copper Creek and Queen Basin. Near summit of Red Rock.",,,,38.96759,-106.95171,"WGS 84",100,,"Charles F. Williams",,"Digital Map",,,3749,,,,,"12300 ft.",,,willcha2,"2018-10-07 13:23:05",,112,urn:uuid:8bc48e72-4c89-4ac8-9244-3dd0a95a4429,https://www.soroherbaria.org/portal/collections/individual/index.php?occid=13357679
15234945,NY,,,PreservedSpecimen,e79ad4be-c794-4c58-bbef-c18e4e04d8c7,02729944,,"Plantae|Magnoliophyta|Eudicots|Core Eudicots|Caryophyllales|Polygonaceae|Eriogonum",Plantae,Magnoliophyta,,Caryophyllales,Polygonaceae,"Eriogonum coloradense",83090,Small,Eriogonum,,coloradense,,,Species,,,,,,,,"M. K. Kirkpatrick",,8543,2011-08-09,2011,8,9,22,22,"09 Aug 2011",,,,,,,,,,,,,,,,,,,sheet,"United States of America",Colorado,"Pitkin Co.",,"Elk Mountains: White River National Forest: Maroon Bells-Snowmass Wilderness: ridge and slopes NW of Mt. Daly and Capitol Peak, E of Capitol Creek, ca 13 air mi W of Aspen.","39.1801Â° N, 107.0743Â° W to 39.1851Â° N, 107.0754Â° W; NAD 83",,,39.1801,-107.0743,,,,,,,,,3767,,,,,"11740-12360 ft",,en,,"2022-03-04 14:28:29",e79ad4be-c794-4c58-bbef-c18e4e04d8c7,40,urn:uuid:8e92e158-6bd8-4846-93b4-26fab4bc7692,https://www.soroherbaria.org/portal/collections/individual/index.php?occid=15234945
15880086,RMBL,,,PreservedSpecimen,ced80c4e-22f6-42d9-b56e-28def1940a5c,RMBL0012168,,"Plantae|Magnoliophyta|Eudicots|Core Eudicots|Caryophyllales|Polygonaceae|Eriogonum",Plantae,Magnoliophyta,,Caryophyllales,Polygonaceae,"Eriogonum coloradense",83090,Small,Eriogonum,,coloradense,,,Species,"Williams, C.F.",2017,"Colorado Flora Western Slope, 4th ed. (2012).",,,,,"Williams, Charles F.",,1971,2017-07-23,2017,7,23,204,,,,"Site 2. Steep meadow slopes from upper boulder field to saddle. Plants growing in rocky areas of upper boulder field.",,"Occasional. In flower.",,,,,,,,"Patches of willow in middle of slope.",Flower,,,,,,,"United States",Colorado,Gunnison,,"Gothic. Rocky Mountain Biological Laboratory. ""Long Valley"" just N of NW ridge of Avery Peak and above Avery Mine. High tundra boulder field to saddle between Avery Peak and ""Mammaries"".",,0,,38.991084,-106.971292,WGS84,105,,"C.F. Williams",,GeoLocate,,,3719,3810,,,,12200-12500ft,,,willcha2,"2018-10-07 13:23:05",,112,urn:uuid:ced80c4e-22f6-42d9-b56e-28def1940a5c,https://www.soroherbaria.org/portal/collections/individual/index.php?occid=15880086
18285046,RMBL,,,PreservedSpecimen,a143c0ec-b2f8-4615-a0b2-319344d919b6,RMBL0012528,,"Plantae|Magnoliophyta|Eudicots|Core Eudicots|Caryophyllales|Polygonaceae|Eriogonum",Plantae,Magnoliophyta,,Caryophyllales,Polygonaceae,"Eriogonum coloradense",83090,Small,Eriogonum,,coloradense,,,Species,"Williams, Charles F.",2018-03-06,"CO Flora W Slope, 4th ed. (2012).",,,,,"Barclay, Harriet G.",,s.n.,1976-08-09,1976,8,9,222,,,,,,"Plants low, ~caespitose. Leaves Oblanceolate, 7-8mm x 3-4cm, ~involute, pubescent. Umbels capitate. Perianth pink.",,,,,,,,,Flower,,,,,,,"United States",Colorado,Saguache,,"Road to Quarter-circle Circle Ranch, 1 mi from Hwy 114.",,,,38.225178,-106.658368,WGS84,1000,,"C.F. Williams",,GeoLocate,,"road W of Cochetopa Dome into Cochetopa Park.",2804,,,,,9200ft,,,willcha2,"2018-10-07 13:23:05",,112,urn:uuid:a143c0ec-b2f8-4615-a0b2-319344d919b6,https://www.soroherbaria.org/portal/collections/individual/index.php?occid=18285046
18285123,RMBL,,,PreservedSpecimen,64fbf65e-7e4d-4230-9c2c-7293af3a35d3,RMBL0012484,,"Plantae|Magnoliophyta|Eudicots|Core Eudicots|Caryophyllales|Polygonaceae|Eriogonum",Plantae,Magnoliophyta,,Caryophyllales,Polygonaceae,"Eriogonum coloradense",83090,Small,Eriogonum,,coloradense,,,Species,"Williams, Charles F.",2018-03-06,"CO Flora W Slope, 4th ed. (2012).",,,,,"Barclay, Harriet G.",,s.n.,1976-08-09,1976,8,9,222,,,,"Ash deposit.",,"Plants low, ~caespitose. Leaves Oblanceolate, 7-8mm x 3-4cm, ~involute, pubescent. Umbels capitate. Perianth pink.",,,,,,,,,Flower,,,,,,,"United States",Colorado,Saguache,,"Quarter-circle Circle Ranch. Cochetopa Park [S of Cochetopa Dome].",,,,38.15568,-106.728417,WGS84,4000,,"C.F. Williams",,GeoLocate,,,2804,2926,,,,9200-9600ft,,,willcha2,"2018-10-07 13:23:05",,112,urn:uuid:64fbf65e-7e4d-4230-9c2c-7293af3a35d3,https://www.soroherbaria.org/portal/collections/individual/index.php?occid=18285123
19990017,NY,,,PreservedSpecimen,94199f46-b863-410e-a113-cf91bd83d306,3076166,,"Plantae|Magnoliophyta|Eudicots|Core Eudicots|Caryophyllales|Polygonaceae|Eriogonum",Plantae,Magnoliophyta,,Caryophyllales,Polygonaceae,"Eriogonum coloradense",83090,Small,Eriogonum,,coloradense,,,Species,,,,,,,,"Collector unknown",,411,1963-08-08,1963,8,8,22,22,"08 Aug 1963","[collector= Spellman]",,,,,,,,,,,,,,,,,,sheet,"United States of America",Colorado,"Gunnison Co.",,"About 2 miles west of Gothic",,,,38.959152,-107.027053,WGS84,,,,"GEOLocate Web Application","GEOLocate (Tulane University Museum of Natural History)",,,2896,,,,,"9500 ft",,en,,"2022-03-04 14:25:59",94199f46-b863-410e-a113-cf91bd83d306,40,urn:uuid:0ad02829-d676-4108-bc18-284217dccb09,https://www.soroherbaria.org/portal/collections/individual/index.php?occid=19990017
19993498,NY,,,PreservedSpecimen,1b49e484-7f8e-4619-8e46-80be978191b7,3076163,,"Plantae|Magnoliophyta|Eudicots|Core Eudicots|Caryophyllales|Polygonaceae|Eriogonum",Plantae,Magnoliophyta,,Caryophyllales,Polygonaceae,"Eriogonum coloradense",83090,Small,Eriogonum,,coloradense,,,Species,,,,,,,,"D. Atwood",,21053,1996-07-30,1996,7,30,21,21,"30 Jul 1996",,,,,,,,,,,,,,,,,,,sheet,"United States of America",Colorado,"Saguache Co.",,"4 mi W of Gunnison NF boundary, along HWY 114",,,,38.545801,-106.999467,WGS84,,,,"GEOLocate Web Application","GEOLocate Batch Processing Tool",,,,,,,,,,en,,"2022-03-04 14:22:43",1b49e484-7f8e-4619-8e46-80be978191b7,40,urn:uuid:cecf5db2-a36b-41ac-b8e6-a7c87fe452da,https://www.soroherbaria.org/portal/collections/individual/index.php?occid=19993498
19995893,NY,,,PreservedSpecimen,5b63bd9c-34f8-4b97-834b-fcfdc81b30f2,3076162,,"Plantae|Magnoliophyta|Eudicots|Core Eudicots|Caryophyllales|Polygonaceae|Eriogonum",Plantae,Magnoliophyta,,Caryophyllales,Polygonaceae,"Eriogonum coloradense",83090,Small,Eriogonum,,coloradense,,,Species,,,,,,,,"D. Atwood",,21053,1996-07-30,1996,7,30,21,21,"30 Jul 1996",,,,,,,,,,,,,,,,,,,sheet,"United States of America",Colorado,"Saguache Co.",,"4 mi W of Gunnison NF boundary, along HWY 114",,,,38.545801,-106.999467,WGS84,,,,"GEOLocate Web Application","GEOLocate Batch Processing Tool",,,,,,,,,,en,,"2022-03-04 14:24:26",5b63bd9c-34f8-4b97-834b-fcfdc81b30f2,40,urn:uuid:a27812f9-e5f0-4ca7-86a3-c079b67e5ca8,https://www.soroherbaria.org/portal/collections/individual/index.php?occid=19995893
21412275,GA,,,PreservedSpecimen,1f73755e-4413-4093-90e3-124dfd7bd665,GA139950,,"Plantae|Magnoliophyta|Eudicots|Core Eudicots|Caryophyllales|Polygonaceae|Eriogonum",Plantae,Magnoliophyta,,Caryophyllales,Polygonaceae,"Eriogonum coloradense",83090,Small,Eriogonum,,coloradense,,,Species,,,,,,,,,,,,,,,,,,,,,,,,,,,,,,,,,,,,,"United States",Colorado,"Gunnison County",,"Gunnison County, CO",,,,,,,,,,,,,,,,,,,,,,,"2019-03-19 06:40:14",1f73755e-4413-4093-90e3-124dfd7bd665,258,urn:uuid:70d60258-72fa-48c0-963f-ed984983ca26,https://www.soroherbaria.org/portal/collections/individual/index.php?occid=21412275
21514379,DBG,KHD,,PreservedSpecimen,838d7eea-5a67-452d-bb1b-db0c84615a0e,KHD00067358,,"Plantae|Magnoliophyta|Eudicots|Core Eudicots|Caryophyllales|Polygonaceae|Eriogonum",Plantae,Magnoliophyta,,Caryophyllales,Polygonaceae,"Eriogonum coloradense",83090,Small,Eriogonum,,coloradense,,,Species,,,,,,,,"Emily L. Hartman","Mary Lou Rottman",6172,1984-08-15,1984,8,15,228,,8/15/1984,"Rottman #2443 | Gift of Dr. Emily Hartman Estate.",Talus.,,,,,,,,,,,Flower,,,,,,,USA,Colorado,Gunnison,,"Yule Pass Road, ca. 12 miles northwest of Crested Butte, Gunnison National Forest, Elk Mountain.",,,,,,,,,,,,,,3536,,,,,"11600 ft",,,,"2021-08-20 10:00:28",,113,urn:uuid:838d7eea-5a67-452d-bb1b-db0c84615a0e,https://www.soroherbaria.org/portal/collections/individual/index.php?occid=21514379
21539460,DBG,KHD,,PreservedSpecimen,9dc5bd32-7a01-4207-89c4-38587a31e5f4,KHD00074171,,"Plantae|Magnoliophyta|Eudicots|Core Eudicots|Caryophyllales|Polygonaceae|Eriogonum",Plantae,Magnoliophyta,,Caryophyllales,Polygonaceae,"Eriogonum coloradense",83090,Small,Eriogonum,,coloradense,,,Species,"Loraine Yeatts",02/28/2019,,,,,,"Rachel Miller",,s.n.,2018-10-09,2018,10,9,282,,,,"On breccia deposit surrounded by a Wyoming sage community. Plants on south, southwest, and west-facing slopes (5-20%). Bare ground about 30-40%.","Pale, rocky, grey soils (believed to be alluvium from a localized breccia deposit).","Plants spread across about 1/4 to 1/2 acre.",,,,,,,,"Artemisia nova, Bouteloua gracilis, Hymenoxys richardsonii, Linanthus pungens, Physaria rollinsii, Chrysothamnus depressus, Purshia tridentata",,,,,,,,USA,Colorado,Gunnison,,"About 6.5 km southeast of Gunnison, near the convergence of BLM Rd. 3067 and 3068.",,0,,38.504787,-106.870151,,,,,,,,,2460,,,,,8070',,,mislam,"2021-12-07 13:35:50",,113,urn:uuid:9dc5bd32-7a01-4207-89c4-38587a31e5f4,https://www.soroherbaria.org/portal/collections/individual/index.php?occid=21539460
21548328,RMBL,,,PreservedSpecimen,6655556c-c124-48a1-aae2-7144e57335ff,RMBL0004457,,"Plantae|Magnoliophyta|Eudicots|Core Eudicots|Caryophyllales|Polygonaceae|Eriogonum",Plantae,Magnoliophyta,,Caryophyllales,Polygonaceae,"Eriogonum coloradense",83090,Small,Eriogonum,,coloradense,,,Species,"Williams, Charles F.",2019-04-04,"Colorado Flora W Slope, 4th ed. (2012).","Orig. det. ""Polygonum"" by H.G. Barclay, 1951.",,,,"Barclay, Harriet G.",,s.n.,1951-08-23,1951,8,23,235,,,,"Shale slide.",,"Plants from long underground stems. Heads solitary/ Leaves long, narrowly oblanceolate, tomentose below.",,,,,,,,,Flower,,,,,,,"United States",Colorado,Gunnison,,"Rocky Mountain Biological Laboratory. Mount Baldy, ca. 4 mi. NW of Gothic. Top ridge, shale slides.",,0,,38.996548,-107.045294,WGS84,350,,"Williams, C.F.",,GeoLocate,,,3658,3901,,,,12000-12800ft,,,willcha2,"2019-05-02 15:15:13",,112,urn:uuid:6655556c-c124-48a1-aae2-7144e57335ff,https://www.soroherbaria.org/portal/collections/individual/index.php?occid=21548328
21660778,USF,,,PreservedSpecimen,163A30AB-D3F6-4D66-9A59-9E2C9DB0DC33,48427,,"Plantae|Magnoliophyta|Eudicots|Core Eudicots|Caryophyllales|Polygonaceae|Eriogonum",Plantae,Magnoliophyta,,Caryophyllales,Polygonaceae,"Eriogonum coloradense",83090,Small,Eriogonum,,coloradense,,,Species,"H. D. Harrington",1962,,,,,,"N. H. Russell",,10053,1953-06-29,1953,6,29,180,,1953-6-29,,"Open, steep, shaly slope; SW facing.",,,,,,,,,,,Fertile,,,,,,,"United States",Colorado,"Gunnison Co.",,"4 mi. N of Gothic; 12 mi. N of Crested Butte; ca. Emerald Lake.",,,,38.95,-106.983,,,,,,,,,3200,,,,,"10500 ft",,en,,"2021-12-20 08:41:52",163A30AB-D3F6-4D66-9A59-9E2C9DB0DC33,382,urn:uuid:3ab93f84-4510-433d-aeb6-f68aa753e9bf,https://www.soroherbaria.org/portal/collections/individual/index.php?occid=21660778
21660779,USF,,,PreservedSpecimen,2FA660CC-47CA-4E47-AABA-F07E8B162B10,48360,,"Plantae|Magnoliophyta|Eudicots|Core Eudicots|Caryophyllales|Polygonaceae|Eriogonum",Plantae,Magnoliophyta,,Caryophyllales,Polygonaceae,"Eriogonum coloradense",83090,Small,Eriogonum,,coloradense,,,Species,,,,,,,,"N. H. Russell",,s.n.,1960-07-30,1960,7,30,212,,1960-7-30,,"Open shale cliffs.",,,,,,,"{""habit"":""Abundant.""}",,,,Fertile,,,,,,,"United States",Colorado,"Gunnison Co.",,"Ca. East River; 2 mi. S of Gothic; 6 mi. N of Crested Butte.",,,,38.95,-106.983,,,,,,,,,2804,,,,,"9200 ft",,en,,"2021-12-20 08:42:00",2FA660CC-47CA-4E47-AABA-F07E8B162B10,382,urn:uuid:e16c54af-0e3a-4734-bcdf-eca30b5da507,https://www.soroherbaria.org/portal/collections/individual/index.php?occid=21660779
21713357,RMBL,,,PreservedSpecimen,829aecd8-d1fa-44c9-b96a-112f3a05f125,RMBL0004456,,"Plantae|Magnoliophyta|Eudicots|Core Eudicots|Caryophyllales|Polygonaceae|Eriogonum",Plantae,Magnoliophyta,,Caryophyllales,Polygonaceae,"Eriogonum coloradense",83090,Small,Eriogonum,,coloradense,,,Species,"Williams, Charles F.",2019-04-04,"Colorado Flora W Slope, 4th ed. (2012).","Orig. det. ""Polygonum"" by H.G. Barclay, 1951.",,,,"Barclay, Harriet G.",,s.n.,1951-08-23,1951,8,23,235,,,,"Shale slide.",,"Plants from long underground stems. Heads solitary. Leaves long, narrowly oblanceolate, tomentose below.",,,,,,,,,Flower,,,,,,,"United States",Colorado,Gunnison,,"Rocky Mountain Biological Laboratory. Mount Baldy, ca. 4 mi. NW of Gothic. Top ridge, shale slides.",,0,,38.996548,-107.045294,WGS84,350,,"Williams, C.F.",,GeoLocate,,,3658,3901,,,,12000-12800ft,,,willcha2,"2019-05-02 15:15:28",,112,urn:uuid:829aecd8-d1fa-44c9-b96a-112f3a05f125,https://www.soroherbaria.org/portal/collections/individual/index.php?occid=21713357
23775967,Harvard,GH,,PreservedSpecimen,faf520cb-e2d4-4b8d-92fe-ff56923a93cf,01618811,,"Plantae|Magnoliophyta|Eudicots|Core Eudicots|Caryophyllales|Polygonaceae|Eriogonum",Plantae,Magnoliophyta,,Caryophyllales,Polygonaceae,"Eriogonum coloradense",83090,Small,Eriogonum,,coloradense,,,Species,,1967,,,,,,"E. T. Wherry",,,1937-08-03,1937,8,3,215,,1937-8-3,,"Limestone ledges",,,,,,,"{""huh_taxonomic_group"": ""Vascular"", ""huh_project_id"": 7, ""huh_project_name"": ""US and Canada - Mass Digitization""}",,,,NotDetermined,,,,undetermined,,Sheet,"United States of America",Colorado,"Gunnison County",,"Red Mountain, 2 mi. n.e. of Gothic (8 mi. n. of Crested Butte)",,,,,,,,,,,,,,152,,,,,"11,500 ft.","in collection",en,,"2020-05-14 13:52:02",faf520cb-e2d4-4b8d-92fe-ff56923a93cf,462,urn:uuid:6a30c4df-79d8-4d2f-beb2-4cd10d9e7faf,https://www.soroherbaria.org/portal/collections/individual/index.php?occid=23775967
23775969,Harvard,GH,,PreservedSpecimen,2ae6dc79-e1c2-416e-83f0-d261bfb32efd,01618812,,"Plantae|Magnoliophyta|Eudicots|Core Eudicots|Caryophyllales|Polygonaceae|Eriogonum",Plantae,Magnoliophyta,,Caryophyllales,Polygonaceae,"Eriogonum coloradense",83090,Small,Eriogonum,,coloradense,,,Species,,1967,,,,,,"W. M. Canby",,,1871-08-00,1871,8,0,,,1871-08,,,,,,,,,"{""huh_taxonomic_group"": ""Vascular"", ""huh_project_id"": 7, ""huh_project_name"": ""US and Canada - Mass Digitization""}",,,,NotDetermined,,,,undetermined,,Sheet,"United States of America",Colorado,,,"South Park",,,,,,,,,,,,,,,,,,,,"in collection",en,,"2020-05-14 13:54:21",2ae6dc79-e1c2-416e-83f0-d261bfb32efd,462,urn:uuid:6cc124bf-9480-424a-b967-68b52920edef,https://www.soroherbaria.org/portal/collections/individual/index.php?occid=23775969
23775976,Harvard,A,,PreservedSpecimen,f4c1cd22-3c32-4e9f-b6c5-dbbf2bd8a053,01618814,,"Plantae|Magnoliophyta|Eudicots|Core Eudicots|Caryophyllales|Polygonaceae|Eriogonum",Plantae,Magnoliophyta,,Caryophyllales,Polygonaceae,"Eriogonum coloradense",83090,Small,Eriogonum,,coloradense,,,Species,,1967,,,,,,"E. T. Wherry",,,1937-08-08,1937,8,8,220,,1937-8-8,,"dry gravelly flat",,,,,,,"{""huh_taxonomic_group"": ""Vascular"", ""huh_project_id"": 7, ""huh_project_name"": ""US and Canada - Mass Digitization""}",,,,NotDetermined,,,,undetermined,,Sheet,"United States of America",Colorado,"Saguache County",,"9 mi. s.e. of Flying-M-Ranch",,,,,,,,,,,,,,,,,,,,"in collection",en,,"2020-05-14 14:12:15",f4c1cd22-3c32-4e9f-b6c5-dbbf2bd8a053,462,urn:uuid:75fc0227-6577-43b9-b66f-e3a94951304c,https://www.soroherbaria.org/portal/collections/individual/index.php?occid=23775976
23775978,Harvard,GH,,PreservedSpecimen,6e62f3bf-87be-434a-8e26-05bf4beb1295,01618815,,"Plantae|Magnoliophyta|Eudicots|Core Eudicots|Caryophyllales|Polygonaceae|Eriogonum",Plantae,Magnoliophyta,,Caryophyllales,Polygonaceae,"Eriogonum coloradense",83090,Small,Eriogonum,,coloradense,,,Species,,1992,,,,,,"J. H. Beaman & F. H. Erbisch",,1228,1957-07-03,1957,7,3,184,,1957-7-3,,"in rocky alpine tundra.",,,1228,,,,"{""huh_taxonomic_group"": ""Vascular"", ""huh_project_id"": 7, ""huh_project_name"": ""US and Canada - Mass Digitization""}",,,,NotDetermined,,,,undetermined,,Sheet,"United States of America",Colorado,"Gunnison County",,"ridge above Virginia Basin near Gothic",,,,,,,,,,,,,,61,,,,,"ca. 12,200 ft.","in collection",en,,"2020-05-14 14:21:43",6e62f3bf-87be-434a-8e26-05bf4beb1295,462,urn:uuid:5ed72176-d1b4-4b5e-83dd-6a9a6ec4f6ea,https://www.soroherbaria.org/portal/collections/individual/index.php?occid=23775978
23775980,Harvard,A,,PreservedSpecimen,20dc0c19-419d-427d-af65-baf1672850d0,01618816,,"Plantae|Magnoliophyta|Eudicots|Core Eudicots|Caryophyllales|Polygonaceae|Eriogonum",Plantae,Magnoliophyta,,Caryophyllales,Polygonaceae,"Eriogonum coloradense",83090,Small,Eriogonum,,coloradense,,,Species,,1992,,,,,,"J. Barrell & S. A. Spongberg",,66-243,1966-08-11,1966,8,11,223,,1966-8-11,,"growing in the Piedra ash deposits",,,66-243,,,,"{""huh_taxonomic_group"": ""Vascular"", ""huh_project_id"": 7, ""huh_project_name"": ""US and Canada - Mass Digitization""}",,,,NotDetermined,,,,undetermined,,Sheet,"United States of America",Colorado,"Saguache County",,"growing in the Piedra ash deposits of Cochetope Park in the angle of land between the road to Cochetopa Pass and the road to Saguache Park",,,,,,,,,,,,,,61,,,,,"around 9,200 feet","in collection",en,,"2020-05-14 14:23:22",20dc0c19-419d-427d-af65-baf1672850d0,462,urn:uuid:cba001e7-06c0-4b5a-893a-02720db52ac3,https://www.soroherbaria.org/portal/collections/individual/index.php?occid=23775980
23888258,RMBL,,,PreservedSpecimen,fd813e6b-8bd8-40f0-9ea2-cf09cc1164bc,RMBL0005430,,"Plantae|Magnoliophyta|Eudicots|Core Eudicots|Caryophyllales|Polygonaceae|Eriogonum",Plantae,Magnoliophyta,,Caryophyllales,Polygonaceae,"Eriogonum coloradense",83090,Small,Eriogonum,,coloradense,,,Species,"Williams, C.F.",2019-07-31,"Colorado Flora W Slope, 4th ed. (2012).",,,,,"Williams, Charles F.","Karla S. Alvarado, Gabe Steinmetz",2850,2019-07-31,2019,7,31,212,,,,"Rocky meadow surrounded by willows and Pentaphylloides shrubs. Near transect 2 in upper basin (UVB).",,"Fairly common on bare slopes and ridges.",,,,,,,,,Flower,,,,,,,"United States",Colorado,Gunnison,,"Rocky Mountain Biological Laboratory. Virginia Basin, 1.5 mi. NE of Gothic. S-facing slope on knob near head of upper basin.",,0,,38.985389,-106.971445,WGS84,35,,"Williams, C.F.",,GeoLocate,,,3658,,,,,12000ft,,,willcha2,"2021-01-23 17:15:07",,112,urn:uuid:fd813e6b-8bd8-40f0-9ea2-cf09cc1164bc,https://www.soroherbaria.org/portal/collections/individual/index.php?occid=23888258
24281129,UAC,"Vascular Plants",,PreservedSpecimen,,35041,,"Plantae|Magnoliophyta|Eudicots|Core Eudicots|Caryophyllales|Polygonaceae|Eriogonum",Plantae,Magnoliophyta,,Caryophyllales,Polygonaceae,"Eriogonum coloradense",83090,Small,Eriogonum,,coloradense,,,Species,,,,,,,,"Barry C. Johnston a. Pete Lucas",,1866,1978-08-03,1978,8,3,215,,3-Aug,,,,,,,,,,,,,,,,,,,,"United States",Colorado,,,,,,,,,,,,,,,,,,,,,,,,,,"2019-12-15 22:21:31",35041,464,urn:uuid:4e4765b5-ed4b-460b-a3d1-f7a2d0ace3f0,https://www.soroherbaria.org/portal/collections/individual/index.php?occid=24281129
24281130,UAC,"Vascular Plants",,PreservedSpecimen,,8624,,"Plantae|Magnoliophyta|Eudicots|Core Eudicots|Caryophyllales|Polygonaceae|Eriogonum",Plantae,Magnoliophyta,,Caryophyllales,Polygonaceae,"Eriogonum coloradense",83090,Small,Eriogonum,,coloradense,,,Species,,,,,,,,"David Bathke",,569,1967-07-24,1967,7,24,205,,24-Jul,,,,,,,,,,,,,,,,,,,,"United States",Colorado,,,,,,,,,,,,,,,,,,,,,,,,,,"2019-12-15 22:21:39",8624,464,urn:uuid:af3d92c2-b4da-4820-8de3-6d91e4e17951,https://www.soroherbaria.org/portal/collections/individual/index.php?occid=24281130
24392601,BRY,V,BRY,PreservedSpecimen,BRY:V:0186111,BRYV0186111,,"Plantae|Magnoliophyta|Eudicots|Core Eudicots|Caryophyllales|Polygonaceae|Eriogonum",Plantae,Magnoliophyta,,Caryophyllales,Polygonaceae,"Eriogonum coloradense",83090,Small,Eriogonum,,coloradense,,,Species,,,,,,,,"Lori E. Brummer",,7430,2011-08-19,2011,8,19,231,,2011-8-19,,"Alpine meadow.",,,,,,,,,,,,,0,,,,,U.S.A.,Colorado,Gunnison,,"Elk Mountains: White River National Forest: Maroon Bells-Snowmass Wilderness: Hasley Basin Trail from East Fork Trail, ca 13 3/4 air mi NNW of Crested Butte.",,0,,39.0483,-107.0372,NAD83,,"39.0483 N 107.0372 W [NAD83] <source: GPS> /// T11S R86W S31 .",,,,,,3395,3688,,,,"11140-12100 ft.",,English,,"2022-01-01 00:00:00",BRY01.215830,106,urn:uuid:b0bcb9ef-3a6e-4929-92cc-9beec79902be,https://www.soroherbaria.org/portal/collections/individual/index.php?occid=24392601
24610071,COLO,V,,PreservedSpecimen,0ca41ff6-21ff-4318-b6cc-6dfddb9f9720,02213924,,"Plantae|Magnoliophyta|Eudicots|Core Eudicots|Caryophyllales|Polygonaceae|Eriogonum",Plantae,Magnoliophyta,,Caryophyllales,POLYGONACEAE,"Eriogonum coloradense",83090,Small,Eriogonum,,coloradense,,,Species,,,,,,,,"Lori E. Brummer",,,2011-00-00,2011,0,0,,,2011,,,,,,,"field values redacted: eventDate, month, day, startDayOfYear, verbatimEventDate, recordNumber, locality, minimumElevationInMeters, maximumElevationInMeters, verbatimElevation, habitat",,,,,,,,,,,,,"United States",Colorado,Gunnison,,,,,,,,,,,,,,,,,,,,,,,English,"BYU DB","2020-01-16 14:00:51",415465,368,urn:uuid:e6fa1ee3-0ce9-4400-8ae8-0dbad05e895f,https://www.soroherbaria.org/portal/collections/individual/index.php?occid=24610071
24619354,COLO,V,,PreservedSpecimen,a1548d7b-6239-4583-b221-369fcb5168b0,00599274,182419,"Plantae|Magnoliophyta|Eudicots|Core Eudicots|Caryophyllales|Polygonaceae|Eriogonum",Plantae,Magnoliophyta,,Caryophyllales,POLYGONACEAE,"Eriogonum coloradense",83090,Small,Eriogonum,,coloradense,,,Species,,,,,,,,"H.H. Iltis; C.M. Iltis",,,1961-00-00,1961,0,0,,,1961,"Eriogonum coloradense Small, det. James L. Reveal, no date. Original ID: Eriogonum multiceps.",,,,,,"field values redacted: eventDate, month, day, startDayOfYear, verbatimEventDate, recordNumber, locality, minimumElevationInMeters, verbatimElevation, decimalLatitude, decimalLongitude, geodeticDatum, coordinateUncertaintyInMeters, georeferenceRemarks",,,,,,Flr,,,,,,,"United States",Colorado,Park,,,,,,,,,,,,,,,,,,,,,,,,"Access DB","2015-07-23 00:00:00",23542,368,urn:uuid:e9900df7-7e1f-4d4e-a64f-4501bfa6f8d7,https://www.soroherbaria.org/portal/collections/individual/index.php?occid=24619354
24619355,COLO,V,,PreservedSpecimen,f5086a29-bdde-4a72-ac60-f7fa826d27b4,00599282,83372,"Plantae|Magnoliophyta|Eudicots|Core Eudicots|Caryophyllales|Polygonaceae|Eriogonum",Plantae,Magnoliophyta,,Caryophyllales,POLYGONACEAE,"Eriogonum coloradense",83090,Small,Eriogonum,,coloradense,,,Species,,,,,,,,"W. A. Weber",,,1954-00-00,1954,0,0,,,1954,"Eriogonum coloradense, det. James L. Reveal, 1967.",,,,,,"field values redacted: eventDate, month, day, startDayOfYear, verbatimEventDate, recordNumber, locality, minimumElevationInMeters, verbatimElevation, habitat",,,,,,Flr,,,,,,,"United States",Colorado,Park,,,,,,,,,,,,,,,,,,,,,,,,"Access DB","2019-11-04 15:09:20",23543,368,urn:uuid:f455a5ed-eaae-4870-8de4-9644c6160c0a,https://www.soroherbaria.org/portal/collections/individual/index.php?occid=24619355
24619356,COLO,V,,PreservedSpecimen,790a2c33-5c5f-41f0-ad8a-4ccc7e64d412,00599290,318495,"Plantae|Magnoliophyta|Eudicots|Core Eudicots|Caryophyllales|Polygonaceae|Eriogonum",Plantae,Magnoliophyta,,Caryophyllales,POLYGONACEAE,"Eriogonum coloradense",83090,Small,Eriogonum,,coloradense,,,Species,,,,,,,,"Weber; Wingate",,,1978-00-00,1978,0,0,,,1978,"Eriogonum coloradense Small, det. Barry C. Johnston 1978. Original ID: Eriogonum brandegei.",,,,,,"field values redacted: eventDate, month, day, startDayOfYear, verbatimEventDate, recordNumber, locality, minimumElevationInMeters, verbatimElevation, decimalLatitude, decimalLongitude, geodeticDatum, coordinateUncertaintyInMeters, georeferenceRemarks",,,,,,Flr,,,,,,,"United States",Colorado,Park,,,,,,,,,,,,,,,,,,,,,,,,"Access DB","2015-07-23 00:00:00",23544,368,urn:uuid:96003dd7-9a81-445f-b860-5c5e7773f781,https://www.soroherbaria.org/portal/collections/individual/index.php?occid=24619356
24619357,COLO,V,,PreservedSpecimen,40d7e20b-7825-4b4f-93b6-ab2027e498f1,00599308,318494,"Plantae|Magnoliophyta|Eudicots|Core Eudicots|Caryophyllales|Polygonaceae|Eriogonum",Plantae,Magnoliophyta,,Caryophyllales,POLYGONACEAE,"Eriogonum coloradense",83090,Small,Eriogonum,,coloradense,,,Species,,,,,,,,"Weber; Wingate",,,1978-00-00,1978,0,0,,,1978,"Eriogonum coloradense Small, det. Barry C. Johnston 1978. Original ID: Eriogonum brandegei.",,,,,,"field values redacted: eventDate, month, day, startDayOfYear, verbatimEventDate, recordNumber, locality, minimumElevationInMeters, verbatimElevation, decimalLatitude, decimalLongitude, geodeticDatum, coordinateUncertaintyInMeters, georeferenceRemarks",,,,,,Flr,,,,,,,"United States",Colorado,Park,,,,,,,,,,,,,,,,,,,,,,,,"Access DB","2015-07-23 00:00:00",23545,368,urn:uuid:b840bc5c-1e71-4c39-a8a5-4a076a4ae9e8,https://www.soroherbaria.org/portal/collections/individual/index.php?occid=24619357
24619358,COLO,V,,PreservedSpecimen,7d88f297-ce3e-4b03-b0ad-3c43a3647efe,00599316,318669,"Plantae|Magnoliophyta|Eudicots|Core Eudicots|Caryophyllales|Polygonaceae|Eriogonum",Plantae,Magnoliophyta,,Caryophyllales,POLYGONACEAE,"Eriogonum coloradense",83090,Small,Eriogonum,,coloradense,,,Species,,,,,,,,"Barry C. Johnston; Pete Lucas",,,1978-00-00,1978,0,0,,,1978,"The most abundant species on this talus slope; flowers white, pink, or rose.",,,,,,"field values redacted: eventDate, month, day, startDayOfYear, verbatimEventDate, recordNumber, locality, minimumElevationInMeters, verbatimElevation, decimalLatitude, decimalLongitude, geodeticDatum, coordinateUncertaintyInMeters, verbatimCoordinates",,,,,,Flr,,,,,,,"United States",Colorado,Gunnison,,,,,,,,,,,,,,,,,,,,,,,,"Access DB","2015-07-23 00:00:00",23546,368,urn:uuid:dd086e02-c794-4b50-bad8-41aac07287b2,https://www.soroherbaria.org/portal/collections/individual/index.php?occid=24619358
24619359,COLO,V,,PreservedSpecimen,9b39e1d0-846e-4f1f-8f38-9fd0183fafb4,00599324,46253,"Plantae|Magnoliophyta|Eudicots|Core Eudicots|Caryophyllales|Polygonaceae|Eriogonum",Plantae,Magnoliophyta,,Caryophyllales,POLYGONACEAE,"Eriogonum coloradense",83090,Small,Eriogonum,,coloradense,,,Species,,,,,,,,"Joseph Andorfer Ewan",,,1938-00-00,1938,0,0,,,1938,"Eriogonum coloradense Small, det. James L. Reveal, 1967. White fls.",,,,,,"field values redacted: eventDate, month, day, startDayOfYear, verbatimEventDate, recordNumber, locality, minimumElevationInMeters, verbatimElevation, habitat",,,,,,Flr,,,,,,,"United States",Colorado,Gunnison,,,,,,,,,,,,,,,,,,,,,,,,"Access DB","2019-11-04 15:09:20",23547,368,urn:uuid:4ab4c851-619f-499d-b1d8-10518bd08187,https://www.soroherbaria.org/portal/collections/individual/index.php?occid=24619359
24619360,COLO,V,,PreservedSpecimen,e8f33d3c-91a8-4167-9385-85ec584853a0,00599332,61595,"Plantae|Magnoliophyta|Eudicots|Core Eudicots|Caryophyllales|Polygonaceae|Eriogonum",Plantae,Magnoliophyta,,Caryophyllales,POLYGONACEAE,"Eriogonum coloradense",83090,Small,Eriogonum,,coloradense,,,Species,,,,,,,,"W. A. Weber",,,1950-00-00,1950,0,0,,,1950,"Eriogonum coloradense Small, det. James L. Reveal, 1967. Fls. cream colored.",,,,,,"field values redacted: eventDate, month, day, startDayOfYear, verbatimEventDate, recordNumber, locality, minimumElevationInMeters, verbatimElevation, decimalLatitude, decimalLongitude, geodeticDatum, coordinateUncertaintyInMeters, georeferenceRemarks",,,,,,Flr,,,,,,,"United States",Colorado,Saguache,,,,,,,,,,,,,,,,,,,,,,,,"Access DB","2018-04-10 00:00:00",23548,368,urn:uuid:da1182fc-1e94-4a00-b9cb-17e0f06840e0,https://www.soroherbaria.org/portal/collections/individual/index.php?occid=24619360
24619361,COLO,V,,PreservedSpecimen,fe4ef5f3-647b-4034-95d2-99b944119969,00599340,331017,"Plantae|Magnoliophyta|Eudicots|Core Eudicots|Caryophyllales|Polygonaceae|Eriogonum",Plantae,Magnoliophyta,,Caryophyllales,POLYGONACEAE,"Eriogonum coloradense",83090,Small,Eriogonum,,coloradense,,,Species,,,,,,,,"Barry C. Johnston",,,1979-00-00,1979,0,0,,,1979,,,,,,,"field values redacted: eventDate, month, day, startDayOfYear, verbatimEventDate, recordNumber, locality, minimumElevationInMeters, verbatimElevation, decimalLatitude, decimalLongitude, geodeticDatum, coordinateUncertaintyInMeters, verbatimCoordinates",,,,,,Flr,,,,,,,"United States",Colorado,Gunnison,,,,,,,,,,,,,,,,,,,,,,,,"Access DB","2015-07-23 00:00:00",23549,368,urn:uuid:c51b789f-5fa0-440f-b6ed-96aa7e1f230f,https://www.soroherbaria.org/portal/collections/individual/index.php?occid=24619361
24619362,COLO,V,,PreservedSpecimen,80d9a953-633f-46be-97df-c9638c8b0bc0,00599357,300239,"Plantae|Magnoliophyta|Eudicots|Core Eudicots|Caryophyllales|Polygonaceae|Eriogonum",Plantae,Magnoliophyta,,Caryophyllales,POLYGONACEAE,"Eriogonum coloradense",83090,Small,Eriogonum,,coloradense,,,Species,,,,,,,,"S.R. Gradstein",,,1976-00-00,1976,0,0,,,1976,,,,,,,"field values redacted: eventDate, month, day, startDayOfYear, verbatimEventDate, recordNumber, locality, minimumElevationInMeters, verbatimElevation, habitat",,,,,,Flr,,,,,,,"United States",Colorado,Gunnison,,,,,,,,,,,,,,,,,,,,,,,,"Access DB","2019-11-04 15:09:20",23550,368,urn:uuid:21fc7f71-d7e4-49b2-a3db-446a64037f64,https://www.soroherbaria.org/portal/collections/individual/index.php?occid=24619362
24619363,COLO,V,,PreservedSpecimen,d355dd62-9311-4668-a621-01b89eeec679,00599365,306970,"Plantae|Magnoliophyta|Eudicots|Core Eudicots|Caryophyllales|Polygonaceae|Eriogonum",Plantae,Magnoliophyta,,Caryophyllales,POLYGONACEAE,"Eriogonum coloradense",83090,Small,Eriogonum,,coloradense,,,Species,,,,,,,,"B.C. Johnston; Pete Lucas",,,1977-00-00,1977,0,0,,,1977,,,,,,,"field values redacted: eventDate, month, day, startDayOfYear, verbatimEventDate, recordNumber, locality, minimumElevationInMeters, verbatimElevation, habitat",,,,,,Flr,,,,,,,"United States",Colorado,Gunnison,,,,,,,,,,,,,,,,,,,,,,,,"Access DB","2019-11-04 15:09:20",23551,368,urn:uuid:ffc3063b-49f5-4ad5-83bb-2a24123b9018,https://www.soroherbaria.org/portal/collections/individual/index.php?occid=24619363
24619364,COLO,V,,PreservedSpecimen,881304d3-14b5-44cc-820c-0be910ac4aa6,00599373,103971,"Plantae|Magnoliophyta|Eudicots|Core Eudicots|Caryophyllales|Polygonaceae|Eriogonum",Plantae,Magnoliophyta,,Caryophyllales,POLYGONACEAE,"Eriogonum coloradense",83090,Small,Eriogonum,,coloradense,,,Species,,,,,,,,"W. A. Weber; Harriet Barclay",,,1955-00-00,1955,0,0,,,1955,"Eriogonum coloradense Small, det. James L. Reveal, 1967.",,,,,,"field values redacted: eventDate, month, day, startDayOfYear, verbatimEventDate, recordNumber, locality, habitat",,,,,,Flr,,,,,,,"United States",Colorado,Gunnison,,,,,,,,,,,,,,,,,,,,,,,,"Access DB","2019-11-04 15:09:20",23552,368,urn:uuid:66b6d45b-c528-44bc-b688-f325c75ec577,https://www.soroherbaria.org/portal/collections/individual/index.php?occid=24619364
24619365,COLO,V,,PreservedSpecimen,1e8065a8-d53d-4ecf-b1c7-030c4be0177e,00599381,61072,"Plantae|Magnoliophyta|Eudicots|Core Eudicots|Caryophyllales|Polygonaceae|Eriogonum",Plantae,Magnoliophyta,,Caryophyllales,POLYGONACEAE,"Eriogonum coloradense",83090,Small,Eriogonum,,coloradense,,,Species,,,,,,,,"Jean Langenheim",,,1950-00-00,1950,0,0,,,1950,"Eriogonum coloradense Small, det. James L. Reveal, 1967.",,,,,,"field values redacted: eventDate, month, day, startDayOfYear, verbatimEventDate, recordNumber, locality, minimumElevationInMeters, verbatimElevation, habitat",,,,,,Flr,,,,,,,"United States",Colorado,Gunnison,,,,,,,,,,,,,,,,,,,,,,,,"Access DB","2019-11-04 15:09:20",23553,368,urn:uuid:e8313c65-6bfd-4f68-8f3c-898f6ecc14d6,https://www.soroherbaria.org/portal/collections/individual/index.php?occid=24619365
24619366,COLO,V,,PreservedSpecimen,9e78d832-07f9-4ae5-a052-de60f5c15e4e,00599399,46251,"Plantae|Magnoliophyta|Eudicots|Core Eudicots|Caryophyllales|Polygonaceae|Eriogonum",Plantae,Magnoliophyta,,Caryophyllales,POLYGONACEAE,"Eriogonum coloradense",83090,Small,Eriogonum,,coloradense,,,Species,,,,,,,,"Joseph Andorfer Ewan",,,1938-00-00,1938,0,0,,,1938,"Eriogonum coloradense Small, det. H.D. Harrington 1948. / Eriogonum coloradense Small, det. James L. Reveal, 1967. Light pink.",,,,,,"field values redacted: eventDate, month, day, startDayOfYear, verbatimEventDate, recordNumber, locality, minimumElevationInMeters, verbatimElevation, habitat",,,,,,Flr,,,,,,,"United States",Colorado,Gunnison,,,,,,,,,,,,,,,,,,,,,,,,"Access DB","2019-11-04 15:09:20",23554,368,urn:uuid:fadc7a9b-577b-4e79-8833-890695383f77,https://www.soroherbaria.org/portal/collections/individual/index.php?occid=24619366
24619397,COLO,V,,PreservedSpecimen,2ae96a29-a960-4d1d-9e6c-3b4a41cef52d,00828020,507208,"Plantae|Magnoliophyta|Eudicots|Core Eudicots|Caryophyllales|Polygonaceae|Eriogonum",Plantae,Magnoliophyta,,Caryophyllales,POLYGONACEAE,"Eriogonum coloradense",83090,Small,Eriogonum,,coloradense,,,Species,,,,,,,,"Mike Hagebusch",,,2004-00-00,2004,0,0,,,2004,,,,,,,"field values redacted: eventDate, month, day, startDayOfYear, verbatimEventDate, recordNumber, locality, verbatimCoordinates, habitat",,,,,,Flr,,,,,,,"United States",Colorado,Saguache,,,,,,,,,,,,,,,,,,,,,,,,"Access DB","2019-11-04 15:09:20",25900,368,urn:uuid:c01df9ba-2a06-47b1-a903-70725fa8caf8,https://www.soroherbaria.org/portal/collections/individual/index.php?occid=24619397
24619398,COLO,V,,PreservedSpecimen,c4d36e52-02a2-4fee-bc1d-2cfca309fd6b,00897207,524023,"Plantae|Magnoliophyta|Eudicots|Core Eudicots|Caryophyllales|Polygonaceae|Eriogonum",Plantae,Magnoliophyta,,Caryophyllales,POLYGONACEAE,"Eriogonum coloradense",83090,Small,Eriogonum,,coloradense,,,Species,,,,,,,,"Melanie Arnett",,,1999-00-00,1999,0,0,,,1999,"Additional TRS: T45N R2E SEC12 NE¼.",,,,,,"field values redacted: eventDate, month, day, startDayOfYear, verbatimEventDate, recordNumber, locality, minimumElevationInMeters, verbatimElevation, decimalLatitude, decimalLongitude, geodeticDatum, coordinateUncertaintyInMeters, verbatimCoordinates",,,,,,Flr,,,,,,,"United States",Colorado,Saguache,,,,,,,,,,,,,,,,,,,,,,,,"Access DB","2015-07-23 00:00:00",26016,368,urn:uuid:0cee6f67-4e63-4c97-9e0d-0dcbbdfce387,https://www.soroherbaria.org/portal/collections/individual/index.php?occid=24619398
24643259,NY,,,PreservedSpecimen,8ad0469a-a1df-4fca-b98c-124e5b91da0c,3076165,,"Plantae|Magnoliophyta|Eudicots|Core Eudicots|Caryophyllales|Polygonaceae|Eriogonum",Plantae,Magnoliophyta,,Caryophyllales,Polygonaceae,"Eriogonum coloradense",83090,Small,Eriogonum,,coloradense,,,Species,,,,,,,,"C. L. Shear",,4575,1896-09-01,1896,9,1,24,24,"01 Sep 1896",,,,,,,,,,,,,,,,,,,sheet,"United States of America",Colorado,"Park Co.",Como,,,,,39.3161,-105.892792,WGS84,,,,"GEOLocate Web Application","GEOLocate Batch Processing Tool",,,,,,,,,,en,,"2022-03-04 14:25:45",8ad0469a-a1df-4fca-b98c-124e5b91da0c,40,urn:uuid:66bde32b-384c-4882-acd3-7fc6d64ab2bd,https://www.soroherbaria.org/portal/collections/individual/index.php?occid=24643259
24718427,NY,,,PreservedSpecimen,57062766-eab4-4025-8e2e-ba7219d2ef00,3076164,,"Plantae|Magnoliophyta|Eudicots|Core Eudicots|Caryophyllales|Polygonaceae|Eriogonum",Plantae,Magnoliophyta,,Caryophyllales,Polygonaceae,"Eriogonum coloradense",83090,Small,Eriogonum,,coloradense,,,Species,,,,,,,,"R. J. Soreng",,1448,1980-08-18,1980,8,18,23,23,"18 Aug 1980",,,,,,,,,,,,,,,,,,,sheet,"United States of America",Colorado,"Saguache Co.",,"7.3 mi. NW of Cochetopa Pass Monument on Saguache Co. Rd. 20 (which is SW of and parallel with Colo. Hwy. 114",,,,38.241463,-106.69578,WGS84,,,,"GEOLocate Web Application","GEOLocate Batch Processing Tool",,,2743,,,,,"9000 ft",,en,,"2022-03-04 14:24:20",57062766-eab4-4025-8e2e-ba7219d2ef00,40,urn:uuid:84d21d5e-5d4d-4275-b8c3-e58cf2579a35,https://www.soroherbaria.org/portal/collections/individual/index.php?occid=24718427
24768059,NY,,,PreservedSpecimen,f02d477a-3bf7-4bc5-a1c9-c8c995485c7e,03076161,,"Plantae|Magnoliophyta|Eudicots|Core Eudicots|Caryophyllales|Polygonaceae|Eriogonum",Plantae,Magnoliophyta,,Caryophyllales,Polygonaceae,"Eriogonum coloradense",83090,Small,Eriogonum,,coloradense,,,Species,,,,,,,,"B. R. Grady",,601,2009-08-03,2009,8,3,21,21,"03 Aug 2009",,,,,,,,,,,,,,,,,,,sheet,"United States of America",Colorado,"Saguache Co.",,"Cochetopa Park, along NN14 Rd 7.2 rd mi W of Cochetopa Pass, N of rd, between rds 17FF and 17GG",,,,38.18078,-106.70031,,,,,,,,,2800,,,,,"9186 ft",,en,,"2022-03-04 14:28:40",f02d477a-3bf7-4bc5-a1c9-c8c995485c7e,40,urn:uuid:52e48d7a-06ab-44d6-902b-d7a93ea341bf,https://www.soroherbaria.org/portal/collections/individual/index.php?occid=24768059
24788913,RMBL,,,PreservedSpecimen,452c8a19-3007-4281-8b13-f48264108009,RMBL0005519,,"Plantae|Magnoliophyta|Eudicots|Core Eudicots|Caryophyllales|Polygonaceae|Eriogonum",Plantae,Magnoliophyta,,Caryophyllales,Polygonaceae,"Eriogonum coloradense",83090,Small,Eriogonum,,coloradense,,,Species,"Williams, C.F.",2019-08-12,"Colorado Flora W Slope, 4th ed. (2012).",,,,,"Williams, Charles F.","Karla S. Alvarado, Gabe Steinmetz, Rick Reavis",3020,2019-08-12,2019,8,12,224,,,,"Shale slope on ridge and talus just below.",,"Common on ridge.",,,,,,,,,,,,,,,,"United States",Colorado,Gunnison,,"Rocky Mountain Biological Laboratory. Upper Virginia Basin, ca. 2 mi. NE of Gothic. Slope halfway up south side of upper basin between Point 12366ft and low saddle on ridge.",,0,,38.984459,-106.968573,WGS84,50,,"Williams, C.F.",,GeoLocate,,,3658,3734,,,,12200-12300ft,,,willcha2,"2021-01-27 17:30:00",,112,urn:uuid:452c8a19-3007-4281-8b13-f48264108009,https://www.soroherbaria.org/portal/collections/individual/index.php?occid=24788913
25287585,NY,,,PreservedSpecimen,06f6a1b6-9eb7-4674-bab2-3001dc11e01a,3076167,,"Plantae|Magnoliophyta|Eudicots|Core Eudicots|Caryophyllales|Polygonaceae|Eriogonum",Plantae,Magnoliophyta,,Caryophyllales,Polygonaceae,"Eriogonum coloradense",83090,Small,Eriogonum,,coloradense,,,Species,,,,,,,,"Collector unknown",,s.n.,1871-08-00,1871,8,0,,,"Aug 1871",,,,,,,,,,,,,,,,,,,sheet,"United States of America",Colorado,,,"Rocky banks in South Park",,,,,,,,,,,,,,,,,,,,,en,,"2022-03-04 14:21:39",06f6a1b6-9eb7-4674-bab2-3001dc11e01a,40,urn:uuid:2fd18ef2-bb5f-439c-9fa4-5611ec1a1683,https://www.soroherbaria.org/portal/collections/individual/index.php?occid=25287585
27210959,CS,,,PreservedSpecimen,5a481b27-96e0-4395-a1ac-91125d379f33,185109,108236,"Plantae|Magnoliophyta|Eudicots|Core Eudicots|Caryophyllales|Polygonaceae|Eriogonum",Plantae,Magnoliophyta,,Caryophyllales,Polygonaceae,"Eriogonum coloradense",83090,Small,Eriogonum,,coloradense,,,Species,,,,,,,,"collectors: D.L. and M.L. Denham",,,,1300,,,,,1300,,"Dry, sparsely vegetated area",,,,,,,,,,,,,,,,1,,"United States",Colorado,"Park County",,"About 4.5 miles NE of Fairplay.",,,,,,WGS84,,,,,,,,2957,,,,,9700ft.,,en,,"2017-01-16 03:52:49",99910,30,urn:uuid:5a481b27-96e0-4395-a1ac-91125d379f33,https://www.soroherbaria.org/portal/collections/individual/index.php?occid=27210959
27210960,CS,,,PreservedSpecimen,8542ffee-38e3-44cd-b0f0-8b8f93993964,185110,108237,"Plantae|Magnoliophyta|Eudicots|Core Eudicots|Caryophyllales|Polygonaceae|Eriogonum",Plantae,Magnoliophyta,,Caryophyllales,Polygonaceae,"Eriogonum coloradense",83090,Small,Eriogonum,,coloradense,,,Species,,,,,,,,"collectors: D.L. and M.L. Denham",,2861,1970-07-30,1970,7,30,211,,"30 July 1970",,"Dry, sparsely vegetated area",,,,,,,,,,,,,,,,1,,"United States",Colorado,"Park County",,"About 4.5. miles NE of Fairplay",,,,,,WGS84,,,,,,,,2957,,,,,9700ft.,,en,,"2017-01-16 03:52:49",99911,30,urn:uuid:8542ffee-38e3-44cd-b0f0-8b8f93993964,https://www.soroherbaria.org/portal/collections/individual/index.php?occid=27210960
27210961,CS,,,PreservedSpecimen,a0e6c00d-789e-43ec-9a83-d4859b350637,185111,108238,"Plantae|Magnoliophyta|Eudicots|Core Eudicots|Caryophyllales|Polygonaceae|Eriogonum",Plantae,Magnoliophyta,,Caryophyllales,Polygonaceae,"Eriogonum coloradense",83090,Small,Eriogonum,,coloradense,,,Species,,,,,,,,"collectors: D. L. and M. L. Denham",,2861,1970-07-30,1970,7,30,211,,"30 July 1970",,"Dry, sparsely vegetated area",,,,,,,,,,,,,,,,1,,"United States",Colorado,"Park County",,"About 4.5 miles NE of Fairplay",,,,,,WGS84,,,,,,,,2957,,,,,9700ft.,,en,,"2017-01-16 03:52:49",99912,30,urn:uuid:a0e6c00d-789e-43ec-9a83-d4859b350637,https://www.soroherbaria.org/portal/collections/individual/index.php?occid=27210961
27212023,CS,,,PreservedSpecimen,96a97eab-17fb-4eda-8be6-96405a840b1b,186209,130327,"Plantae|Magnoliophyta|Eudicots|Core Eudicots|Caryophyllales|Polygonaceae|Eriogonum",Plantae,Magnoliophyta,,Caryophyllales,Polygonaceae,"Eriogonum coloradense",83090,Small,Eriogonum,,coloradense,,,Species,,,,,,,,"collectors: Jennifer Ackerfield",,15-32,2015-08-08,2015,8,8,220,,"8 August 2015",,"Common on sandy roadside. Area dominated by rabbitbrush.",,,,,,,,,,,,,,,,1,,"United States",Colorado,"Park County",,"South Park - northeast of Fairplay off of Hwy 285.",,,,39.4,-105.75,WGS84,,,,,,,,2987,,,,,9800ft.,,en,,"2017-01-16 03:33:21",100951,30,urn:uuid:96a97eab-17fb-4eda-8be6-96405a840b1b,https://www.soroherbaria.org/portal/collections/individual/index.php?occid=27212023
28577597,SD,Plants,,PreservedSpecimen,345C4EB4-B923-48CF-BF2C-86B501995D16,,SD104228,"Plantae|Magnoliophyta|Eudicots|Core Eudicots|Caryophyllales|Polygonaceae|Eriogonum",Plantae,Magnoliophyta,,Caryophyllales,Polygonaceae,"Eriogonum coloradense",83090,Small,Eriogonum,,coloradense,,,Species,,,,,,,,"Barry C. Johnston","Pete Lucas",1866,1978-08-03,1978,8,3,215,,"Aug 03, 1978",,"Shale talus slope.",,,,,,,,,,"The most abundant species on this talus slopes; with Senecio porteri.",FL,,,,,,,"United States",Colorado,Gunnison,,"Just west of the west summit of Mt. Belleview, north of Gothic.",,,,,,,,,,,,,n/a,3715,,,,,,,,,"2022-02-14 09:28:37",1982377,506,urn:uuid:3d6d012a-cce7-4df6-b6c1-164d15f2b101,https://www.soroherbaria.org/portal/collections/individual/index.php?occid=28577597
